GIT 1;;;https://github.com/dietmarwo/CVRPTW/blob/main/Results.adoc;;GIT 2;;;;;GIT 3;;;;;http://hjemmesider.diku.dk/~spooren/solomon/r1r2solu.htm;;;;;http://web.cba.neu.edu/~msolomon/c1c2solu.htm;;;;;https://sun.aei.polsl.pl//~zjc/best-solutions-solomon.html;;;;;https://www.sintef.no/projectweb/top/vrptw/100-customers/;;;;;http://vrp.atd-lab.inf.puc-rio.br/index.php/en/;;;;;https://www.preprints.org/manuscript/202206.0074/v1;;;;;https://www.preprints.org/manuscript/202206.0074/v1  - seed 1;;;;;https://www.preprints.org/manuscript/202206.0074/v1  - seed 2;;;;;https://www.preprints.org/manuscript/202206.0074/v1  - seed 3;;;;;https://www.preprints.org/manuscript/202206.0074/v1  - seed 4;;;;;https://www.preprints.org/manuscript/202206.0074/v1  - seed 5;;;;https://www.researchgate.net/publication/374739857_Solving_the_vehicle_routing_problem_with_time_windows_using_modified_football_game_algorithm;CPLA;;;;;PITSH;;;;;HSFLA;;;;;S-PSO;;;;;ACO-TS;;;;;MFGA;;;https://www.diva-portal.org/smash/get/diva2:419232/FULLTEXT01.pdf;Ant Colony Optimization;Optimal value;;;;;ParamILS;;;;;SPOT;;;;;Random;;;https://www.diva-portal.org/smash/get/diva2:419232/FULLTEXT01.pdf;Genetic Algorithm;Optimal value 2;;;;;ParamILS 2;;;;;SPOT 2;;;;;Random 2;;
Problem;NV;Distance;;;Problem;NV;Distance;;;Problem;NV;Distance;;;Problem;NV;Distance;;;Problem;NV;Distance;;;Problem;NV;Distance;;;Problem;NV;Distance;;;Problem;NV;Distance;;;Problem;NV;Distance;;;Problem;NV;Distance;;;Problem;NV;Distance;;;Problem;NV;Distance;;;Problem;NV;Distance;;;Problem;NV;Distance;;;Problem;NV;Distance;;;Problem;NV;Distance;;;Problem;NV;Distance;;;Problem;NV;Distance;;;Problem;NV;Distance;;;Problem;NV;Distance;;;Problem;NV;Distance;;;Problem;NV;Distance;;;Problem;NV;Distance;;;Problem;NV;Distance;;;Problem;NV;Distance;;;Problem;NV;Distance;;;Problem;NV;Distance;;;Problem;NV;Distance
c101;10;828.9;;;c101;10;828.9;;;c101;10;828.9;;;R101.25;8;617.1;;;R101.25;8;617.1;;;C101 ;10;828.93664;;;c101;10;828.94;;;C101;;827.3;;;C201.25;2;214.7;;;C201.25;2;215.5;;;C201.25;2;215.5;;;C201.25;2;215.5;;;C201.25;2;215.5;;;C201.25;2;215.5;;;R101;19;1656.20;;;R101;19;1650.80;;;R101;19;1650.80;;;R101;19;1652.001;;;R101;19;1655.03;;;R101;19;1584.00;;;C101.25;;191.3;;;C101.25;;198.599;;;C101.25;;198.599;;;C101.25;;191.814;;;C101.25;;191.3;;;C101.25;;191.814;;;C101.25;;191.814;;;C101.25;;191.814
c102;10;828.9;;;c102;10;828.9;;;c102;10;828.9;;;R101.50;12;1044.0;;;R101.50;12;1044.0;;;C102 ;10;828.93664;;;c102;10;828.94;;;C102;;827.3;;;C201.50;3;360.2;;;C201.50;2;444.9;;;C201.50;2;444.9;;;C201.50;2;444.9;;;C201.50;2;444.9;;;C201.50;2;444.9;;;R102;17;1502.00;;;R102;17;1486.12;;;R102;17;1486.12;;;R102;17;1500.809;;;R102;18;1491.18;;;R102;16;1374.20;;;C102.25;;190.3;;;C102.25;;192.887;;;C102.25;;195.857;;;C102.25;;190.738;;;C102.25;;190.3;;;C102.25;;206.777;;;C102.25;;206.777;;;C102.25;;206.777
c103;10;828.1;;;c103;10;828.1;;;c103;10;830.2;;;R101.100;20;1637.7;;;R101.100;20;1637.7;;;C103 ;10;828.06464;;;c103;10;828.06;;;C103;;826.3;;;C201.100;3;589.1;;;C201.100;3;591.5;;;C201.100;3;591.5;;;C201.100;3;591.5;;;C201.100;3;591.5;;;C201.100;3;591.5;;;R103;13;1295.60;;;R103;13;1294.23;;;R103;13;1292.67;;;R103;14;1242.649;;;R103;14;1243.22;;;R103;13;1158.90;;;C103.25;;190.3;;;C103.25;;193.142;;;C103.25;;193.142;;;C103.25;;190.738;;;C103.25;;190.3;;;C103.25;;195.19;;;C103.25;;195.19;;;C103.25;;195.19
c104;10;825.6;;;c104;10;824.8;;;c104;10;831.1;;;R102.25;7;547.1;;;R102.25;7;547.1;;;C104 ;10;824.77646;;;c104;10;824.78;;;C104;;822.9;;;C202.25;2;214.7;;;C202.25;1;225.9;;;C202.25;1;232.8;;;C202.25;1;223.3;;;C202.25;1;223.3;;;C202.25;1;223.3;;;R104;9;1017.40;;;R104;10;981.20;;;R104;9;1007.31;;;R104;10;1042.216;;;R104;10;982.01;;;R104;11;996.95;;;C104.25;;186.9;;;C104.25;;191.668;;;C104.25;;192.019;;;C104.25;;187.449;;;C104.25;;186.9;;;C104.25;;189.423;;;C104.25;;187.449;;;C104.25;;187.449
c105;10;828.9;;;c105;10;828.9;;;c105;10;828.9;;;R102.50;11;909;;;R102.50;11;909;;;C105 ;10;828.93664;;;c105;10;828.94;;;C105;;827.3;;;C202.50;3;360.2;;;C202.50;2;403.8;;;C202.50;2;428.6;;;C202.50;2;404.2;;;C202.50;2;413.6;;;C202.50;2;443.9;;;R105;14;1381.90;;;R105;14;1377.11;;;R105;14;1377.11;;;R105;14;1385.082;;;R105;16;1380.44;;;R105;15;1355.30;;;C105.25;;191.3;;;C105.25;;195.145;;;C105.25;;195.145;;;C105.25;;191.814;;;C105.25;;191.3;;;C105.25;;191.814;;;C105.25;;191.814;;;C105.25;;191.814
c106;10;828.9;;;c106;10;828.9;;;c106;10;828.9;;;R102.100;18;1466.6;;;R102.100;18;1466.6;;;C106 ;10;828.93664;;;c106;10;828.94;;;C106;;827.3;;;C202.100;3;589.1;;;C202.100;3;716.6;;;C202.100;4;678.5;;;C202.100;3;601.3;;;C202.100;3;714.9;;;C202.100;4;695.7;;;R106;12;1258.80;;;R106;12;1252.62;;;R106;12;1252.03;;;R106;12;1294.869;;;R106;13;1265.36;;;R106;13;1212.10;;;C106.25;;191.3;;;C106.25;;195.145;;;C106.25;;195.145;;;C106.25;;191.814;;;C106.25;;191.3;;;C106.25;;191.814;;;C106.25;;191.814;;;C106.25;;191.814
c107;10;828.9;;;c107;10;828.9;;;c107;10;828.9;;;R103.25;5;454.6;;;R103.25;5;454.6;;;C107 ;10;828.93664;;;c107;10;828.94;;;C107;;827.3;;;C203.25;2;214.7;;;C203.25;1;223.3;;;C203.25;1;223.3;;;C203.25;1;223.3;;;C203.25;1;223.3;;;C203.25;1;223.3;;;R107;10;1117.90;;;R107;10;1104.66;;;R107;10;1104.66;;;R107;11;1123.981;;;R107;11;1100.25;;;R107;11;1075.50;;;C107.25;;191.3;;;C107.25;;195.145;;;C107.25;;195.145;;;C107.25;;191.814;;;C107.25;;191.3;;;C107.25;;221.637;;;C107.25;;221.637;;;C107.25;;221.637
c108;10;828.9;;;c108;10;828.9;;;c108;10;828.9;;;R103.50;9;772.9;;;R103.50;9;772.9;;;C108 ;10;828.93664;;;c108;10;828.94;;;C108;;827.3;;;C203.50;3;359.8;;;C203.50;2;409.2;;;C203.50;2;420.8;;;C203.50;2;424.6;;;C203.50;2;416.1;;;C203.50;2;424.1;;;R108;9;976.06;;;R108;9;963.99;;;R108;9;960.88;;;R108;10;1011.682;;;R108;9;958.66;;;R108;10;959.88;;;C108.25;;191.3;;;C108.25;;195.145;;;C108.25;;195.145;;;C108.25;;191.814;;;C108.25;;191.3;;;C108.25;;199.138;;;C108.25;;199.138;;;C108.25;;199.138
c109;10;829.4;;;c109;10;828.9;;;c109;10;828.9;;;R103.100;14;1208.7;;;R103.100;14;1208.7;;;C109 ;10;828.93664;;;c109;10;828.94;;;C109;;827.3;;;C203.100;3;588.7;;;C203.100;3;687.9;;;C203.100;3;759.1;;;C203.100;3;641.2;;;C203.100;3;632.7;;;C203.100;4;679.9;;;R109;11;1229.70;;;R109;11;1194.73;;;R109;11;1194.73;;;R109;12;1211.630;;;R109;12;1101.99;;;R109;12;1155.80;;;C109.25;;191.3;;;C109.25;;193.142;;;C109.25;;193.142;;;C109.25;;191.814;;;C109.25;;191.3;;;C109.25;;206.253;;;C109.25;;206.253;;;C109.25;;205.89
c201;3;591.6;;;c201;3;591.6;;;c201;3;591.6;;;R104.25;4;416.9;;;R104.25;4;416.9;;;R101 ;19;1650.79864;;;c201;3;591.56;;;C201;;589.1;;;C204.25;2;213.1;;;C204.25;1;216.2;;;C204.25;1;216.2;;;C204.25;1;218.2;;;C204.25;1;213.9;;;C204.25;1;215.2;;;R110;10;1196.50;;;R110;10;1118.84;;;R110;10;1118.84;;;R110;11;1190.362;;;R110;12;1119.53;;;R110;12;1092.40;;;C201.25;;214.7;;;C201.25;;239.051;;;C201.25;;239.051;;;C201.25;;215.543;;;C201.25;;214.7;;;C201.25;;215.543;;;C201.25;;215.543;;;C201.25;;215.543
c202;3;591.6;;;c202;3;591.6;;;c202;3;591.6;;;R104.50;6;625.4;;;R104.50;6;625.4;;;R102 ;17;1486.85859;;;c202;3;591.56;;;C202;;589.1;;;C204.50;2;350.1;;;C204.50;2;367.7;;;C204.50;2;373.4;;;C204.50;2;399.3;;;C204.50;2;360.4;;;C204.50;2;359.9;;;R111;10;1123.60;;;R111;10;1096.73;;;R111;10;1096.73;;;R111;11;1102.987;;;R111;12;1091.11;;;R111;12;1059.20;;;C202.25;;214.7;;;C202.25;;236.117;;;C202.25;;236.117;;;C202.25;;215.543;;;C202.25;;214.7;;;C202.25;;248.075;;;C202.25;;246.251;;;C202.25;;244.228
c203;3;591.2;;;c203;3;591.2;;;c203;3;594.7;;;R104.100;11;971.5;;;R104.100;11;971.5;;;R103 ;13;1292.67493;;;c203;3;591.17;;;C203;;588.7;;;C204.100;3;588.1;;;C204.100;4;689.8;;;C204.100;4;683.9;;;C204.100;3;657.3;;;C204.100;3;645.9;;;C204.100;3;690.8;;;R112;9;1030.00;;;R112;9;989.27;;;R112;9;982.14;;;R112;10;1029.124;;;R112;10;974.73;;;R112;10;979.05;;;C203.25;;214.7;;;C203.25;;226.796;;;C203.25;;228.485;;;C203.25;;215.543;;;C203.25;;214.7;;;C203.25;;223.773;;;C203.25;;223.773;;;C203.25;;225.198
c204;3;593.9;;;c204;3;590.6;;;c204;3;603.0;;;R105.25;6;530.5;;;R105.25;6;530.5;;;R104 ;9;1007.31005;;;c204;3;590.60;;;C204;;588.1;;;C205.25;2;214.7;;;C205.25;1;299.7;;;C205.25;1;321.8;;;C205.25;1;321.8;;;C205.25;1;298.8;;;C205.25;1;297.4;;;C101;10;828.94;;;C101;10;828.94;;;C101;10;828.94;;;C101;10;828.94;;;C101;10;828.93;;;C101;10;828.94;;;C204.25;;213.1;;;C204.25;;214.779;;;C204.25;;214.779;;;C204.25;;214.779;;;C204.25;;213.1;;;C204.25;;237.19;;;C204.25;;235.777;;;C204.25;;237.153
c205;3;588.9;;;c205;3;588.9;;;c205;3;588.9;;;R105.50;9;899.3;;;R105.50;9;899.3;;;R105 ;14;1377.11046;;;c205;3;588.88;;;C205;;586.4;;;C205.50;3;359.8;;;C205.50;2;439.9;;;C205.50;2;439.9;;;C205.50;2;448.9;;;C205.50;2;444.1;;;C205.50;2;439.9;;;C102;10;828.94;;;C102;10;828.94;;;C102;10;828.94;;;C102;10;829.71;;;C102;10;828.94;;;C102;10;828.94;;;C205.25;;214.7;;;C205.25;;216.391;;;C205.25;;216.391;;;C205.25;;215.543;;;C205.25;;214.7;;;C205.25;;215.543;;;C205.25;;215.543;;;C205.25;;215.543
c206;3;588.5;;;c206;3;588.5;;;c206;3;588.5;;;R105.100;15;1355.3;;;R105.100;15;1355.3;;;R106 ;12;1252.03013;;;c206;3;588.49;;;C206;;586;;;C205.100;3;586.4;;;C205.100;3;629.9;;;C205.100;3;672.7;;;C205.100;3;610.7;;;C205.100;3;649.6;;;C205.100;3;615.7;;;C103;10;828.06;;;C103;10;828.06;;;C103;10;828.06;;;C103;10;851.37;;;C103;10;828.06;;;C103;10;828.06;;;C206.25;;214.7;;;C206.25;;216.391;;;C206.25;;216.391;;;C206.25;;215.543;;;C206.25;;214.7;;;C206.25;;224.625;;;C206.25;;224.625;;;C206.25;;224.625
c207;3;588.3;;;c207;3;588.3;;;c207;3;588.3;;;R106.25;3;465.4;;;R106.25;3;465.4;;;R107 ;10;1104.65547;;;c207;3;588.29;;;C207;;585.8;;;C206.25;2;214.7;;;C206.25;1;285.4;;;C206.25;1;285.4;;;C206.25;1;285.4;;;C206.25;1;285.4;;;C206.25;1;285.4;;;C104;10;824.78;;;C104;10;824.78;;;C104;10;824.78;;;C104;10;868.52;;;C104;10;828.2;;;C104;10;824.78;;;C207.25;;214.5;;;C207.25;;216.391;;;C207.25;;216.391;;;C207.25;;215.336;;;C207.25;;214.5;;;C207.25;;224.625;;;C207.25;;224.625;;;C207.25;;224.419
c208;4;655.9;;;c208;3;588.3;;;c208;3;588.3;;;R106.50;5;793;;;R106.50;5;793;;;R108 ;9;960.87528;;;c208;3;588.32;;;C208;;585.8;;;C206.50;3;359.8;;;C206.50;2;426.4;;;C206.50;2;409.6;;;C206.50;2;426.4;;;C206.50;2;426.4;;;C206.50;2;409.9;;;C105;10;828.94;;;C105;10;828.94;;;C105;10;828.94;;;C105;10;828.94;;;C105;10;828.9;;;C105;10;828.94;;;C208.25;;214.5;;;C208.25;;216.391;;;C208.25;;216.391;;;C208.25;;215.374;;;C208.25;;214.5;;;C208.25;;215.543;;;C208.25;;215.543;;;C208.25;;215.543
r101;19;1651.2;;;r101;20;1643.4;;;r101;20;1670.4;;;R106.100;13;1234.6;;;R106.100;13;1234.6;;;R109 ;11;1194.73359;;;r101;19;1650.80;;;R101;;1637.7;;;C206.100;3;586.0;;;C206.100;3;631.8;;;C206.100;3;593.8;;;C206.100;3;590.6;;;C206.100;3;607.1;;;C206.100;3;588.5;;;C106;10;828.94;;;C106;10;828.94;;;C106;10;828.94;;;C106;10;828.94;;;C106;10;828.94;;;C106;10;828.94;;;R101.25;;617.1;;;R101.25;;618.33;;;R101.25;;618.33;;;R101.25;;618.33;;;R101.25;;617.1;;;R101.25;;618.33;;;R101.25;;618.33;;;R101.25;;618.33
r102;17;1487.0;;;r102;18;1472.8;;;r102;18;1501.8;;;R107.25;4;424.3;;;R107.25;4;424.3;;;R110 ;10;1118.83808;;;r102;17;1486.12;;;R102;;1466.6;;;C207.25;2;214.5;;;C207.25;1;274.9;;;C207.25;1;277.3;;;C207.25;1;274.8;;;C207.25;1;274.8;;;C207.25;1;274.8;;;C107;10;828.94;;;C107;10;828.94;;;C107;10;828.94;;;C107;10;828.94;;;C107;10;828.94;;;C107;10;828.94;;;R102.25;;547.1;;;R102.25;;557.081;;;R102.25;;558.239;;;R102.25;;556.032;;;R102.25;;547.1;;;R102.25;;575.367;;;R102.25;;572.757;;;R102.25;;571.533
r103;13;1303.5;;;r103;14;1213.6;;;r103;15;1246.5;;;R107.50;7;711.1;;;R107.50;7;711.1;;;R111 ;10;1096.72605;;;r103;13;1292.68;;;R103;;1208.7;;;C207.50;3;359.6;;;C207.50;2;426.2;;;C207.50;2;426.2;;;C207.50;2;449.2;;;C207.50;2;429.9;;;C207.50;2;426.2;;;C108;10;828.94;;;C108;10;828.94;;;C108;10;828.94;;;C108;10;828.94;;;C108;10;830.94;;;C108;10;828.94;;;R103.25;;454.6;;;R103.25;;461.556;;;R103.25;;470.683;;;R103.25;;455.698;;;R103.25;;454.6;;;R103.25;;479.155;;;R103.25;;479.155;;;R103.25;;475.611
r104;10;1002.1;;;r104;11;983.8;;;r104;12;1024.1;;;R107.100;11;1064.6;;;R107.100;11;1064.6;;;R112 ;9;982.13919;;;r104;9;1007.31;;;R104;;971.5;;;C207.100;3;585.8;;;C207.100;3;595.3;;;C207.100;3;588.3;;;C207.100;3;798.8;;;C207.100;3;606.7;;;C207.100;3;606.7;;;C109;10;828.94;;;C109;10;828.94;;;C109;10;828.94;;;C109;10;828.94;;;C109;10;829.22;;;C109;10;828.94;;;R104.25;;416.9;;;R104.25;;417.961;;;R104.25;;417.961;;;R104.25;;417.961;;;R104.25;;416.9;;;R104.25;;440.961;;;R104.25;;441.97;;;R104.25;;440.961
r105;14;1385.3;;;r105;15;1360.8;;;r105;16;1407.9;;;R108.25;4;397.3;;;R108.25;4;397.3;;;RC101 ;14;1696.94871;;;r105;14;1377.11;;;R105;;1355.3;;;C208.25;2;214.5;;;C208.25;1;262.1;;;C208.25;1;263.0;;;C208.25;1;272.4;;;C208.25;1;263.0;;;C208.25;1;234.9;;;RC101;15;1626.10;;;RC101;14;1696.95;;;RC101;14;1696.95;;;RC101;15;1641.204;;;RC101;14;1650.14;;;RC101;15;1595.90;;;R105.25;;530.5;;;R105.25;;575.782;;;R105.25;;573.013;;;R105.25;;551.821;;;R105.25;;530.5;;;R105.25;;531.539;;;R105.25;;531.539;;;R105.25;;531.539
r106;12;1267.8;;;r106;13;1240.6;;;r106;14;1289.2;;;R108.50;6;617.7;;;R108.50;6;617.7;;;RC102 ;12;1554.74684;;;r106;12;1252.03;;;R106;;1234.6;;;C208.50;2;350.5;;;C208.50;2;352.1;;;C208.50;2;352.3;;;C208.50;2;352.1;;;C208.50;2;352.1;;;C208.50;2;352.3;;;RC102;13;1486.20;;;RC102;12;1554.75;;;RC102;12;1554.75;;;RC102;13;1510.952;;;RC102;13;1514.85;;;RC102;14;1460.90;;;R106.25;;465.4;;;R106.25;;504.124;;;R106.25;;504.124;;;R106.25;;466.48;;;R106.25;;465.4;;;R106.25;;499.285;;;R106.25;;495.942;;;R106.25;;499.285
r107;10;1141.3;;;r107;11;1077.5;;;r107;12;1119.3;;;R108.100;10;932.1;;;R108.100;;;;;RC103 ;11;1261.67143;;;r107;10;1104.66;;;R107;;1064.6;;;C208.100;3;585.8;;;C208.100;3;599.4;;;C208.100;3;591.0;;;C208.100;3;588.3;;;C208.100;3;588.5;;;C208.100;3;590.8;;;RC103;11;1268.80;;;RC103;11;1261.67;;;RC103;11;1261.67;;;RC103;11;1294.739;;;RC103;11;1277.11;;;RC103;11;1292.60;;;R107.25;;424.3;;;R107.25;;437.671;;;R107.25;;437.671;;;R107.25;;425.269;;;R107.25;;424.3;;;R107.25;;440.301;;;R107.25;;444.087;;;R107.25;;443.538
r108;10;956.9;;;r108;11;953.1;;;r108;11;990.1;;;R109.25;5;441.3;;;R109.25;5;441.3;;;RC104 ;10;1135.47902;;;r108;9;960.88;;;R108;;932.1;;;R201.25;4;463.3;;;R201.25;2;525.9;;;R201.25;2;526.9;;;R201.25;2;523.6;;;R201.25;2;528.9;;;R201.25;2;523.7;;;RC104;10;1136.30;;;RC104;10;1135.48;;;RC104;10;1135.48;;;RC104;10;1190.545;;;RC104;10;1159.37;;;RC104;10;1135.00;;;R108.25;;397.3;;;R108.25;;398.295;;;R108.25;;398.295;;;R108.25;;398.295;;;R108.25;;397.3;;;R108.25;;431.915;;;R108.25;;431.475;;;R108.25;;436.433
r109;12;1162.6;;;r109;13;1151.9;;;r109;14;1202.8;;;R109.50;8;786.8;;;R109.50;8;786.8;;;RC105 ;13;1629.43589;;;r109;11;1194.73;;;R109;;1146.9;;;R201.50;6;791.9;;;R201.50;3;887.8;;;R201.50;3;890.4;;;R201.50;3;899.4;;;R201.50;3;921.5;;;R201.50;3;903.4;;;RC105;14;1542.30;;;RC105;13;1633.72;;;RC105;13;1629.44;;;RC105;14;1603.707;;;RC105;15;1617.88;;;RC105;15;1510.10;;;R109.25;;441.3;;;R109.25;;442.625;;;R109.25;;442.625;;;R109.25;;442.625;;;R109.25;;441.3;;;R109.25;;442.625;;;R109.25;;442.625;;;R109.25;;442.625
r110;11;1106.6;;;r110;12;1083.5;;;r110;13;1116.0;;;R109.100;13;1146.9;;;R109.100;13;1146.9;;;RC106 ;11;1424.73327;;;r110;10;1118.84;;;R110;;1068;;;R201.100;4;1252.4;;;R201.100;4;1783.5;;;R201.100;4;1669.1;;;R201.100;4;1540.2;;;R201.100;4;1529.2;;;R201.100;5;1382.4;;;RC106;12;1394.10;;;RC106;11;1424.73;;;RC106;11;1424.73;;;RC106;12;1410.931;;;RC106;13;1387.63;;;RC106;13;1367.20;;;R110.25;;444.1;;;R110.25;;445.177;;;R110.25;;445.177;;;R110.25;;445.177;;;R110.25;;444.1;;;R110.25;;455.687;;;R110.25;;455.687;;;R110.25;;445.803
r111;11;1071.4;;;r111;12;1054.6;;;r111;12;1083.0;;;R110.25;4;444.1;;;R110.25;4;444.1;;;RC107 ;11;1230.47709;;;r111;10;1096.72;;;R111;;1048.7;;;R202.25;4;410.5;;;R202.25;2;457.8;;;R202.25;2;457.6;;;R202.25;2;457.6;;;R202.25;2;458.1;;;R202.25;2;458.1;;;RC107;11;1234.10;;;RC107;11;1232.20;;;RC107;11;1230.48;;;RC107;11;1249.795;;;RC107;11;1280.01;;;RC107;12;1215.90;;;R111.25;;428.8;;;R111.25;;436.976;;;R111.25;;436.976;;;R111.25;;431.118;;;R111.25;;428.8;;;R111.25;;448.588;;;R111.25;;448.588;;;R111.25;;435.555
r112;10;972.3;;;r112;10;955.7;;;r112;11;1008.6;;;R110.50;7;697.0;;;R110.50;7;697.0;;;RC108 ;10;1139.82108;;;r112;9;982.14;;;R112;;948.6;;;R202.50;5;698.5;;;R202.50;3;757.4;;;R202.50;3;783.6;;;R202.50;3;781.1;;;R202.50;3;769.5;;;R202.50;3;773.1;;;RC108;10;1155.10;;;RC108;10;1147.69;;;RC108;10;1139.82;;;RC108;11;1181.870;;;RC108;11;1157.44;;;RC108;11;1120.10;;;R112.25;;393;;;R112.25;;394.101;;;R112.25;;394.101;;;R112.25;;394.101;;;R112.25;;393;;;R112.25;;402.848;;;R112.25;;400.605;;;R112.25;;402.848
r201;4;1257.8;;;r201;8;1148.0;;;r201;8;1188.0;;;R110.100;12;1068;;;R110.100;12;1068;;;C201 ;3;591.55626;;;r201;4;1252.37;;;R201;;1143.2;;;R202.100;3;1191.7;;;R202.100;4;1481.1;;;R202.100;4;1388.2;;;R202.100;4;1356.2;;;R202.100;4;1386.4;;;R202.100;4;1443.1;;;R201;4;1253.02;;;R201;4;1252.37;;;R201;4;1252.88;;;R201;4;1274.97;;;R201;7;1214.22;;;R201;6;1168.70;;;R201.25;;463.3;;;R201.25;;499.08;;;R201.25;;499.08;;;R201.25;;474.254;;;R201.25;;463.3;;;R201.25;;515.583;;;R201.25;;504.733;;;R201.25;;498.27
r202;4;1097.7;;;r202;8;1036.5;;;r202;6;1067.7;;;R111.25;5;428.8;;;R111.25;5;428.8;;;C202 ;3;591.55626;;;r202;3;1191.70;;;R202;;1029.6;;;R203.25;3;391.4;;;R203.25;2;403.9;;;R203.25;2;400.4;;;R203.25;2;400.4;;;R203.25;2;400.4;;;R203.25;2;400.4;;;R202;4;1086.08;;;R202;3;1191.70;;;R202;3;1192.27;;;R202;3;1247.03;;;R202;5;1105.20;;;R202;6;1042.40;;;R202.25;;410.5;;;R202.25;;424.582;;;R202.25;;429.559;;;R202.25;;418.05;;;R202.25;;410.5;;;R202.25;;478.556;;;R202.25;;480.023;;;R202.25;;466.75
r203;3;949.4;;;r203;6;875.6;;;r203;6;908.7;;;R111.50;7;707.2;;;R111.50;7;707.2;;;C203 ;3;591.17315;;;r203;3;939.50;;;R203;;870.8;;;R203.50;5;605.3;;;R203.50;3;654.2;;;R203.50;2;941.1;;;R203.50;2;709.5;;;R203.50;2;959.8;;;R203.50;2;737.7;;;R203;3;945.80;;;R203;3;941.08;;;R203;3;939.95;;;R203;3;1052.71;;;R203;4;960.14;;;R203;5;893.97;;;R203.25;;391.4;;;R203.25;;412.622;;;R203.25;;412.622;;;R203.25;;392.325;;;R203.25;;391.4;;;R203.25;;442.265;;;R203.25;;442.265;;;R203.25;;450.138
r204;3;753.2;;;r204;5;735.8;;;r204;5;766.7;;;R111.100;12;1048.7;;;R111.100;12;1048.7;;;C204 ;3;590.59845;;;r204;2;825.52;;;R204;;731.3;;;R203.100;3;939.5;;;R203.100;3;1318.4;;;R203.100;4;1079.1;;;R203.100;4;1135.9;;;R203.100;4;1186.8;;;R203.100;4;1137.5;;;R204;3;752.13;;;R204;2;825.52;;;R204;2;826.31;;;R204;3;844.16;;;R204;4;771.47;;;R204;4;744.02;;;R204.25;;355;;;R204.25;;365.041;;;R204.25;;368.67;;;R204.25;;360.082;;;R204.25;;355;;;R204.25;;415.017;;;R204.25;;422.983;;;R204.25;;404.513
r205;3;1021.6;;;r205;5;956.0;;;r205;5;978.8;;;R112.25;4;393;;;R112.25;4;393;;;C205 ;3;588.87566;;;r205;3;994.43;;;R205;;949.8;;;R204.25;2;355.0;;;R204.25;1;356.4;;;R204.25;1;405.7;;;R204.25;1;396.7;;;R204.25;1;434.6;;;R204.25;2;356.6;;;R205;3;1017.93;;;R205;3;994.43;;;R205;3;994.80;;;R205;3;1061.46;;;R205;4;1050.26;;;R205;5;969.42;;;R205.25;;393;;;R205.25;;395.817;;;R205.25;;395.817;;;R205.25;;394.062;;;R205.25;;393;;;R205.25;;428.826;;;R205.25;;428.826;;;R205.25;;428.826
r206;3;916.9;;;r206;5;881.6;;;r206;4;918.8;;;R112.50;6;630.2;;;R112.50;6;630.2;;;C206 ;3;588.49255;;;r206;3;906.14;;;R206;;875.9;;;R204.50;2;506.4;;;R204.50;2;530.1;;;R204.50;2;516.8;;;R204.50;2;523.6;;;R204.50;2;515.8;;;R204.50;2;516.4;;;R206;3;920.37;;;R206;3;906.14;;;R206;3;906.59;;;R206;3;1016.35;;;R206;4;954.85;;;R206;5;880.60;;;R206.25;;374.4;;;R206.25;;375.483;;;R206.25;;375.483;;;R206.25;;376.863;;;R206.25;;374.4;;;R206.25;;421.804;;;R206.25;;421.804;;;R206.25;;422.992
r207;3;820.5;;;r207;4;798.1;;;r207;4;835.5;;;R112.100;10;948.6;;;R112.100;;;;;C207 ;3;588.28602;;;r207;2;890.61;;;R207;;794;;;R204.100;2;825.5;;;R204.100;3;902.3;;;R204.100;3;874.4;;;R204.100;3;899.5;;;R204.100;3;948.1;;;R204.100;3;910.1;;;R207;3;815.26;;;R207;2;890.61;;;R207;2;891.14;;;R207;3;946.78;;;R207;3;870.33;;;R207;4;822.84;;;R207.25;;361.6;;;R207.25;;367.845;;;R207.25;;367.845;;;R207.25;;362.635;;;R207.25;;361.6;;;R207.25;;396.57;;;R207.25;;394.234;;;R207.25;;397.919
r208;2;730.5;;;r208;4;706.2;;;r208;4;741.4;;;R201.25; 4;463.3;;;R201.25;   4;463.3;;;C208 ;3;588.32350;;;r208;2;726.82;;;R208;;701;;;R205.25;3;393.0;;;R205.25;1;503.7;;;R205.25;1;503.7;;;R205.25;1;503.7;;;R205.25;1;503.7;;;R205.25;1;503.7;;;R208;2;729.42;;;R208;2;726.82;;;R208;2;727.60;;;R208;2;834.72;;;R208;3;777.72;;;R208;4;736.55;;;R208.25;;328.2;;;R208.25;;332.013;;;R208.25;;332.013;;;R208.25;;331.29;;;R208.25;;328.2;;;R208.25;;341.26;;;R208.25;;348.062;;;R208.25;;342.915
r209;3;919.9;;;r209;5;859.9;;;r209;6;883.8;;;R201.50; 6;791.9;;;R201.50;6;791.9;;;R201 ;4;1252.37074;;;r209;3;909.16;;;R209;;854.8;;;R205.50;4;690.1;;;R205.50;2;780.9;;;R205.50;2;785.5;;;R205.50;2;799.3;;;R205.50;2;814.7;;;R205.50;2;797.8;;;R209;3;916.33;;;R209;3;909.16;;;R209;3;909.32;;;R209;3;1003.19;;;R209;3;934.21;;;R209;5;905.11;;;R209.25;;370.7;;;R209.25;;376.17;;;R209.25;;376.17;;;R209.25;;371.562;;;R209.25;;370.7;;;R209.25;;416.041;;;R209.25;;417.644;;;R209.25;;413.783
r210;3;956.3;;;r210;6;904.8;;;r210;7;934.6;;;R201.100; 8; 1143.2;;;R201.100;8; 1143.2;;;R202 ;3;1191.70252;;;r210;3;939.37;;;R210;;900.5;;;R205.100;3;994.4;;;R205.100;3;1403.5;;;R205.100;4;1196.9;;;R205.100;3;1286.7;;;R205.100;3;1305.9;;;R205.100;4;1132.1;;;R210;3;943.10;;;R210;3;939.37;;;R210;3;939.53;;;R210;3;1040.54;;;R210;5;949.02;;;R210;4;937.06;;;R210.25;;404.6;;;R210.25;;423.619;;;R210.25;;428.229;;;R210.25;;414.45;;;R210.25;;404.6;;;R210.25;;437.243;;;R210.25;;434.651;;;R210.25;;437.243
r211;3;790.3;;;r211;4;755.9;;;r211;4;783.1;;;R202.25; 4;410.5;;;R202.25;4;410.5;;;R203 ;3;939.50286;;;r211;2;885.71;;;R211;;746.7;;;R206.25;3;374.4;;;R206.25;1;449.3;;;R206.25;1;487.1;;;R206.25;1;413.2;;;R206.25;1;431.1;;;R206.25;1;437.1;;;R211;3;767.82;;;R211;2;885.71;;;R211;2;886.17;;;R211;3;861.323;;;R211;4;877.55;;;R211;4;815.09;;;R211.25;;350.6;;;R211.25;;353.755;;;R211.25;;353.755;;;R211.25;;351.911;;;R211.25;;350.6;;;R211.25;;384.006;;;R211.25;;385.145;;;R211.25;;386.204
rc101;15;1632.0;;;rc101;17;1647.3;;;rc101;17;1673.5;;;R202.50; 5;698.5;;;R202.50;5;698.5;;;R204 ;2;825.51880;;;rc101;14;1696.95;;;RC101;;1619.8;;;R206.50;4;632.4;;;R206.50;2;722.8;;;R206.50;2;687.4;;;R206.50;2;688.2;;;R206.50;2;744.6;;;R206.50;2;745.9;;;C201;3;591.56;;;C201;3;591.56;;;C201;3;591.56;;;C201;3;591.56;;;C201;3;591.58;;;C201;3;591.56;;;RC101.25;;461.1;;;RC101.25;;530.359;;;RC101.25;;530.359;;;RC101.25;;462.156;;;RC101.25;;461.1;;;RC101.25;;462.156;;;RC101.25;;462.156;;;RC101.25;;462.156
rc102;13;1528.8;;;rc102;14;1478.6;;;rc102;15;1490.4;;;R202.100;8;1029.6;;;R202.100;;;;;R205 ;3;994.42722;;;rc102;12;1554.75;;;RC102;;1457.4;;;R206.100;3;906.1;;;R206.100;3;1169.6;;;R206.100;3;1123.0;;;R206.100;3;1183.2;;;R206.100;3;1165.8;;;R206.100;3;1288.6;;;C202;3;591.56;;;C202;3;591.56;;;C202;3;591.56;;;C202;3;591.56;;;C202;3;591.56;;;C202;3;591.56;;;RC102.25;;351.8;;;RC102.25;;450.923;;;RC102.25;;450.923;;;RC102.25;;352.744;;;RC102.25;;351.8;;;RC102.25;;357.569;;;RC102.25;;357.569;;;RC102.25;;352.788
rc103;11;1326.1;;;rc103;12;1319.4;;;rc103;13;1312.2;;;R203.25; 3;391.4;;;R203.25;3;391.4;;;R206 ;3;906.14164;;;rc103;11;1261.67;;;RC103;;1258;;;R207.25;3;361.6;;;R207.25;1;432.3;;;R207.25;1;399.7;;;R207.25;1;426.6;;;R207.25;1;401.7;;;R207.25;1;401.7;;;C203;3;591.17;;;C203;3;591.17;;;C203;3;591.17;;;C203;3;591.17;;;C203;3;593.25;;;C203;3;591.17;;;RC103.25;;332.8;;;RC103.25;;336.361;;;RC103.25;;336.361;;;RC103.25;;333.919;;;RC103.25;;332.8;;;RC103.25;;339.55;;;RC103.25;;339.55;;;RC103.25;;337.518
rc104;10;1151.2;;;rc104;10;1150.9;;;rc104;11;1190.5;;;R203.50; 5; 605.3;;;R203.50;  5;   605.3;;;R207 ;2;890.60784;;;rc104;10;1135.48;;;RC104;;1132.3;;;R207.50;3;575.5;;;R207.50;2;612.5;;;R207.50;2;625.9;;;R207.50;2;665.8;;;R207.50;2;621.0;;;R207.50;2;625.1;;;C204;3;590.60;;;C204;3;590.60;;;C204;3;590.60;;;C204;3;615.43;;;C204;3;595.55;;;C204;3;590.60;;;RC104.25;;306.6;;;RC104.25;;308.392;;;RC104.25;;308.467;;;RC104.25;;307.889;;;RC104.25;;306.6;;;RC104.25;;313.194;;;RC104.25;;309.339;;;RC104.25;;313.194
rc105;14;1593.0;;;rc105;16;1532.1;;;rc105;17;1576.5;;;R203.100;6;870.8;;;R203.100;;;;;R208 ;2;726.82234;;;rc105;13;1629.44;;;RC105;;1513.7;;;R207.100;2;890.6;;;R207.100;3;956.4;;;R207.100;3;997.5;;;R207.100;3;966.3;;;R207.100;3;1052.6;;;R207.100;3;1142.1;;;C205;3;588.88;;;C205;3;588.88;;;C205;3;588.88;;;C205;3;588.88;;;C205;3;588.88;;;C205;3;588.88;;;RC105.25;;411.3;;;RC105.25;;471.002;;;RC105.25;;471.002;;;RC105.25;;412.377;;;RC105.25;;411.3;;;RC105.25;;419.577;;;RC105.25;;422.74;;;RC105.25;;420.025
rc106;12;1441.5;;;rc106;13;1385.9;;;rc106;13;1401.8;;;R204.25; 2; 355.0;;;R204.25;  2;   355.0;;;R209 ;3;909.16288;;;rc106;11;1424.73;;;RC106;;1372.7;;;R208.25;1;328.2;;;R208.25;1;338.1;;;R208.25;1;340.5;;;R208.25;1;329.3;;;R208.25;1;331.3;;;R208.25;1;331.3;;;C206;3;588.49;;;C206;3;588.49;;;C206;3;588.49;;;C206;3;588.88;;;C206;3;588.49;;;C206;3;588.49;;;RC106.25;;345.5;;;RC106.25;;352.728;;;RC106.25;;352.728;;;RC106.25;;346.505;;;RC106.25;;345.5;;;RC106.25;;348.305;;;RC106.25;;350.69;;;RC106.25;;347.917
rc107;11;1262.4;;;rc107;12;1236.3;;;rc107;13;1258.1;;;R204.50; 2; 506.4;;;R204.50;  2;   506.4;;;R210 ;3;939.37224;;;rc107;11;1230.48;;;RC107;;1207.8;;;R208.50;2;487.7;;;R208.50;2;498.3;;;R208.50;2;496.7;;;R208.50;2;496.3;;;R208.50;2;493.7;;;R208.50;2;503.8;;;C207;3;588.29;;;C207;3;588.29;;;C207;3;588.29;;;C207;3;591.35;;;C207;3;588.88;;;C207;3;588.29;;;RC107.25;;298.3;;;RC107.25;;298.95;;;RC107.25;;298.95;;;RC107.25;;298.95;;;RC107.25;;298.3;;;RC107.25;;301.265;;;RC107.25;;299.498;;;RC107.25;;299.498
rc108;11;1149.7;;;rc108;11;1137.0;;;rc108;12;1170.6;;;R204.100;;;;;R204.100;;;;;R211 ;2;885.71093;;;rc108;10;1139.82;;;RC108;;1114.2;;;R208.100;2;726.8;;;R208.100;3;788.3;;;R208.100;3;827.5;;;R208.100;3;789.0;;;R208.100;3;811.5;;;R208.100;3;805.0;;;C208;3;588.32;;;C208;3;588.32;;;C208;3;588.32;;;C208;3;588.49;;;C208;3;588.03;;;C208;3;588.32;;;RC108.25;;294.5;;;RC108.25;;294.994;;;RC108.25;;294.994;;;RC108.25;;294.994;;;RC108.25;;294.5;;;RC108.25;;297.38;;;RC108.25;;295.437;;;RC108.25;;295.437
rc201;4;1437.3;;;rc201;9;1265.8;;;rc201;9;1297.6;;;R205.25; 3;393.0;;;R205.25;3;393.0;;;RC201 ;4;1406.93961;;;rc201;4;1406.94;;;RC201;;1261.8;;;R209.25;2;370.7;;;R209.25;1;456.6;;;R209.25;1;492.2;;;R209.25;1;439.6;;;R209.25;1;487.1;;;R209.25;1;451.5;;;RC201;4;1435.27;;;RC201;4;1406.94;;;RC201;4;1406.94;;;RC201;4;1423.52;;;RC201;5;1279.65;;;RC201;6;1274.80;;;RC201.25;;360.2;;;RC201.25;;393.856;;;RC201.25;;393.856;;;RC201.25;;361.241;;;RC201.25;;360.2;;;RC201.25;;387.816;;;RC201.25;;387.816;;;RC201.25;;387.816
rc202;4;1161.3;;;rc202;8;1096.5;;;rc202;8;1124.3;;;R205.50; 4; 690.1;;;R205.50;4; 690.1;;;RC202 ;3;1365.64462;;;rc202;3;1365.65;;;RC202;;1092.3;;;R209.50;4;600.6;;;R209.50;2;726.9;;;R209.50;2;719.9;;;R209.50;2;751.2;;;R209.50;2;759.5;;;R209.50;2;781.1;;;RC202;4;1162.80;;;RC202;3;1367.09;;;RC202;3;1365.64;;;RC202;4;1193.59;;;RC202;5;1157.02;;;RC202;5;1115.70;;;RC202.25;;338;;;RC202.25;;340.334;;;RC202.25;;340.334;;;RC202.25;;339.574;;;RC202.25;;338;;;RC202.25;;399.745;;;RC202.25;;393.084;;;RC202.25;;391.837
rc203;3;1097.6;;;rc203;5;935.2;;;rc203;6;974.5;;;R205.100;5;949.8;;;R205.100;;;;;RC203 ;3;1049.62383;;;rc203;3;1049.62;;;RC203;;923.7;;;R209.100;3;909.2;;;R209.100;3;1277.3;;;R209.100;3;1369.3;;;R209.100;3;1201.4;;;R209.100;3;1258.5;;;R209.100;3;1464.3;;;RC203;3;1062.32;;;RC203;3;1050.64;;;RC203;3;1049.62;;;RC203;3;1123.42;;;RC203;6;1046.33;;;RC203;5;945.90;;;RC203.25;;326.9;;;RC203.25;;331.744;;;RC203.25;;334.204;;;RC203.25;;328.443;;;RC203.25;;326.9;;;RC203.25;;359.979;;;RC203.25;;364.576;;;RC203.25;;360.575
rc204;3;801.6;;;rc204;4;786.4;;;rc204;5;828.5;;;R206.25; 3;374.4;;;R206.25;3;374.4;;;RC204 ;3;798.46323;;;rc204;3;798.46;;;RC204;;783.5;;;R210.25;3;404.6;;;R210.25;2;412.5;;;R210.25;2;415.4;;;R210.25;2;425.4;;;R210.25;2;414.2;;;R210.25;2;410.6;;;RC204;3;799.08;;;RC204;3;798.46;;;RC204;3;798.46;;;RC204;3;894.12;;;RC204;4;847.33;;;RC204;4;803.91;;;RC204.25;;299.7;;;RC204.25;;301.234;;;RC204.25;;303.071;;;RC204.25;;300.235;;;RC204.25;;299.7;;;RC204.25;;331.741;;;RC204.25;;331.804;;;RC204.25;;328.423
rc205;4;1311.9;;;rc205;7;1157.7;;;rc205;7;1176.2;;;R206.50; 4; 632.4;;;R206.50;  4;   632.4;;;RC205 ;4;1297.64736;;;rc205;4;1297.65;;;RC205;;1154;;;R210.50;4;645.6;;;R210.50;2;716.4;;;R210.50;2;864.4;;;R210.50;2;1052.9;;;R210.50;2;732.3;;;R210.50;2;758.4;;;RC205;4;1303.68;;;RC205;4;1297.65;;;RC205;4;1297.65;;;RC205;4;1321.43;;;RC205;5;1334.55;;;RC205;6;1209.50;;;RC205.25;;338;;;RC205.25;;341.703;;;RC205.25;;341.703;;;RC205.25;;338.929;;;RC205.25;;338;;;RC205.25;;373.411;;;RC205.25;;374.389;;;RC205.25;;370.084
rc206;3;1184.2;;;rc206;7;1054.6;;;rc206;7;1092.5;;;R206.100;5;875.9;;;R206.100;;;;;RC206 ;3;1146.31689;;;rc206;3;1146.32;;;RC206;;1051.1;;;R210.100;3;939.4;;;R210.100;3;1520.2;;;R210.100;4;1126.5;;;R210.100;3;1406.9;;;R210.100;4;1128.2;;;R210.100;4;1200.9;;;RC206;3;1155.33;;;RC206;3;1153.61;;;RC206;3;1146.32;;;RC206;3;1307.90;;;RC206;5;1112.20;;;RC206;5;1098.00;;;RC206.25;;324;;;RC206.25;;330.918;;;RC206.25;;330.918;;;RC206.25;;325.104;;;RC206.25;;324;;;RC206.25;;406.961;;;RC206.25;;402.464;;;RC206.25;;407.91
rc207;3;1085.2;;;rc207;6;966.4;;;rc207;7;982.9;;;R207.25; 3; 361.6;;;R207.25;3; 361.6;;;RC207 ;3;1061.14420;;;rc207;3;1061.14;;;RC207;;962.9;;;R211.25;2;350.9;;;R211.25;1;371.4;;;R211.25;1;366.6;;;R211.25;1;366.6;;;R211.25;1;377.3;;;R211.25;2;386.0;;;RC207;3;1095.37;;;RC207;3;1061.14;;;RC207;3;1061.14;;;RC207;3;1130.37;;;RC207;5;1078.52;;;RC207;5;1010.40;;;RC207.25;;298.3;;;RC207.25;;302.836;;;RC207.25;;302.836;;;RC207.25;;298.95;;;RC207.25;;298.3;;;RC207.25;;395.661;;;RC207.25;;405.416;;;RC207.25;;389.615
rc208;3;839.1;;;rc208;4;780.1;;;rc208;5;805.4;;;R207.50;3;575.5;;;R207.50;;;;;RC208 ;3;828.14110;;;rc208;3;828.14;;;RC208;;776.1;;;R211.50;3;535.5;;;R211.50;2;594.2;;;R211.50;2;589.6;;;R211.50;2;588.5;;;R211.50;2;582.4;;;R211.50;2;610.2;;;RC208;3;834.16;;;RC208;3;828.71;;;RC208;3;828.14;;;RC208;3;958.24;;;RC208;3;911.15;;;RC208;4;810.04;;;RC208.25;;269.1;;;RC208.25;;270.214;;;RC208.25;;269.877;;;RC208.25;;269.566;;;RC208.25;;269.1;;;RC208.25;;331.074;;;RC208.25;;330.631;;;RC208.25;;331.074
;;;;;;;;;;;;;;;R207.100;4;794.0;;;R207.100;;;;;;;;;;;;;;;;;;;;R211.100;2;885.7;;;R211.100;3;915.5;;;R211.100;3;933.5;;;R211.100;3;938.5;;;R211.100;3;979.8;;;R211.100;3;949.3;;;;;;;;;;;;;;;;;;;;;;;;;;;;;;;;;C101.50;;362.4;;;C101.50;;363.247;;;C101.50;;363.247;;;C101.50;;363.247;;;C101.50;;362.4;;;C101.50;;370.032;;;C101.50;;363.247;;;C101.50;;363.247
;;;;;;;;;;;;;;;R208.25; 1; 328.2;;;R208.25;1; 328.2;;;;;;;;;;;;;;;;;;RC201.25;3;360.2;;;RC201.25;2;437.9;;;RC201.25;2;432.3;;;RC201.25;2;432.3;;;RC201.25;2;447.2;;;RC201.25;2;432.3;;;;;;;;;;;;;;;;;;;;;;;;;;;;;;;;;C102.50;;361.4;;;C102.50;;362.171;;;C102.50;;363.247;;;C102.50;;362.171;;;C102.50;;361.4;;;C102.50;;448.347;;;C102.50;;440.556;;;C102.50;;432.293
;;;;;;;;;;;;;;;R208.50;2;487.7;;;R208.50;;;;;;;;;;;;;;;;;;;;RC201.50;5;684.8;;;RC201.50;3;861.5;;;RC201.50;3;864.2;;;RC201.50;3;850.5;;;RC201.50;3;855.8;;;RC201.50;3;861.5;;;;;;;;;;;;;;;;;;;;;;;;;;;;;;;;;C103.50;;361.4;;;C103.50;;370.875;;;C103.50;;369.199;;;C103.50;;369.985;;;C103.50;;361.4;;;C103.50;;453.645;;;C103.50;;447.595;;;C103.50;;449.15
;;;;;;;;;;;;;;;R208.100;;;;;R208.100;;;;;;;;;;;;;;;;;;;;RC201.100;4;1406.9;;;RC201.100;4;2300.9;;;RC201.100;4;2044.6;;;RC201.100;5;1637.3;;;RC201.100;5;1553.4;;;RC201.100;5;1719.7;;;;;;;;;;;;;;;;;;;;;;;;;;;;;;;;;C104.50;;358;;;C104.50;;363.662;;;C104.50;;364.841;;;C104.50;;359.959;;;C104.50;;358;;;C104.50;;436.936;;;C104.50;;421.23;;;C104.50;;390.671
;;;;;;;;;;;;;;;R209.25; 2; 370.7;;;R209.25;2; 370.7;;;;;;;;;;;;;;;;;;RC202.25;3;338.0;;;RC202.25;2;376.1;;;RC202.25;2;376.1;;;RC202.25;2;376.1;;;RC202.25;2;376.1;;;RC202.25;2;376.9;;;;;;;;;;;;;;;;;;;;;;;;;;;;;;;;;C105.50;;362.4;;;C105.50;;363.247;;;C105.50;;363.247;;;C105.50;;363.247;;;C105.50;;362.4;;;C105.50;;399.547;;;C105.50;;370.032;;;C105.50;;363.247
;;;;;;;;;;;;;;;R209.50; 4; 600.6;;;R209.50;4;   600.6;;;;;;;;;;;;;;;;;;RC202.50;5;613.6;;;RC202.50;3;721.6;;;RC202.50;3;737.5;;;RC202.50;3;700.3;;;RC202.50;3;702.8;;;RC202.50;3;793.5;;;;;;;;;;;;;;;;;;;;;;;;;;;;;;;;;C106.50;;362.4;;;C106.50;;363.247;;;C106.50;;363.247;;;C106.50;;363.247;;;C106.50;;362.4;;;C106.50;;366.578;;;C106.50;;363.247;;;C106.50;;365.823
;;;;;;;;;;;;;;;R209.100;9;854.8;;;R209.100;;;;;;;;;;;;;;;;;;;;RC202.100;3;1365.6;;;RC202.100;4;1857.4;;;RC202.100;4;1749.1;;;RC202.100;4;1677.4;;;RC202.100;4;1577.9;;;RC202.100;4;1651.8;;;;;;;;;;;;;;;;;;;;;;;;;;;;;;;;;C107.50;;362.4;;;C107.50;;363.247;;;C107.50;;363.247;;;C107.50;;363.247;;;C107.50;;362.4;;;C107.50;;400.775;;;C107.50;;399.547;;;C107.50;;363.247
;;;;;;;;;;;;;;;R210.25; 3;404.6;;;R210.25;3;404.6;;;;;;;;;;;;;;;;;;RC203.25;3;326.9;;;RC203.25;1;437.6;;;RC203.25;1;438.3;;;RC203.25;1;434.9;;;RC203.25;1;435.9;;;RC203.25;1;434.1;;;;;;;;;;;;;;;;;;;;;;;;;;;;;;;;;C108.50;;362.4;;;C108.50;;363.247;;;C108.50;;363.247;;;C108.50;;363.247;;;C108.50;;362.4;;;C108.50;;437.105;;;C108.50;;412.375;;;C108.50;;369.958
;;;;;;;;;;;;;;;R210.50; 4; 645.6;;;R210.50;4;   645.6;;;;;;;;;;;;;;;;;;RC203.50;4;555.3;;;RC203.50;2;749.9;;;RC203.50;3;595.4;;;RC203.50;2;717.1;;;RC203.50;2;907.2;;;RC203.50;2;805.8;;;;;;;;;;;;;;;;;;;;;;;;;;;;;;;;;C109.50;;362.4;;;C109.50;;363.247;;;C109.50;;363.247;;;C109.50;;363.247;;;C109.50;;362.4;;;C109.50;;465.019;;;C109.50;;420.178;;;C109.50;;384.355
;;;;;;;;;;;;;;;R210.100;6;900.5;;;R210.100;;;;;;;;;;;;;;;;;;;;RC203.100;3;1049.6;;;RC203.100;4;1206.4;;;RC203.100;4;1331.6;;;RC203.100;4;1235.1;;;RC203.100;3;1558.6;;;RC203.100;4;1212.1;;;;;;;;;;;;;;;;;;;;;;;;;;;;;;;;;C201.50;;360.2;;;C201.50;;361.797;;;C201.50;;361.797;;;C201.50;;361.797;;;C201.50;;360.2;;;C201.50;;361.797;;;C201.50;;374.119;;;C201.50;;361.797
;;;;;;;;;;;;;;;R211.25; 2; 350.9;;;R211.25;2;   350.9;;;;;;;;;;;;;;;;;;RC204.25;3;299.7;;;RC204.25;1;331.3;;;RC204.25;1;334.9;;;RC204.25;1;356.8;;;RC204.25;1;327.3;;;RC204.25;1;356.8;;;;;;;;;;;;;;;;;;;;;;;;;;;;;;;;;C202.50;;360.2;;;C202.50;;361.797;;;C202.50;;361.797;;;C202.50;;361.797;;;C202.50;;360.2;;;C202.50;;467.013;;;C202.50;;456.768;;;C202.50;;465.307
;;;;;;;;;;;;;;;R211.50; 3; 535.5;;;R211.50;  3;  535.5;;;;;;;;;;;;;;;;;;RC204.50;3;444.2;;;RC204.50;2;493.5;;;RC204.50;2;496.4;;;RC204.50;2;514.2;;;RC204.50;2;482.9;;;RC204.50;2;499.7;;;;;;;;;;;;;;;;;;;;;;;;;;;;;;;;;C203.50;;359.8;;;C203.50;;368.658;;;C203.50;;370.798;;;C203.50;;365.356;;;C203.50;;359.8;;;C203.50;;467.578;;;C203.50;;465.997;;;C203.50;;457.889
;;;;;;;;;;;;;;;R211.100;;;;;R211.100;;;;;;;;;;;;;;;;;;;;RC204.100;3;798.5;;;RC204.100;3;971.6;;;RC204.100;3;1206.3;;;RC204.100;3;1213.4;;;RC204.100;3;1007.8;;;RC204.100;3;1212.6;;;;;;;;;;;;;;;;;;;;;;;;;;;;;;;;;C204.50;;350.1;;;C204.50;;363.891;;;C204.50;;369.762;;;C204.50;;352.566;;;C204.50;;350.1;;;C204.50;;495.336;;;C204.50;;450.183;;;C204.50;;450.401
;;;;;;;;;;;;;;;C101.25;3;191.3;;;C101.25;3;191.3;;;;;;;;;;;;;;;;;;RC205.25;3;338.0;;;RC205.25;2;415.9;;;RC205.25;2;413.6;;;RC205.25;2;415.9;;;RC205.25;2;415.9;;;RC205.25;2;415.9;;;;;;;;;;;;;;;;;;;;;;;;;;;;;;;;;C205.50;;359.8;;;C205.50;;361.797;;;C205.50;;361.797;;;C205.50;;361.413;;;C205.50;;359.8;;;C205.50;;361.413;;;C205.50;;378.794;;;C205.50;;361.797
;;;;;;;;;;;;;;;C101.50;5;362.4;;;C101.50;5;362.4;;;;;;;;;;;;;;;;;;RC205.50;5;630.2;;;RC205.50;3;912.6;;;RC205.50;3;990.3;;;RC205.50;3;819.2;;;RC205.50;3;799.1;;;RC205.50;3;787.8;;;;;;;;;;;;;;;;;;;;;;;;;;;;;;;;;C206.50;;359.8;;;C206.50;;361.413;;;C206.50;;361.413;;;C206.50;;361.413;;;C206.50;;359.8;;;C206.50;;376.092;;;C206.50;;379.394;;;C206.50;;375.129
;;;;;;;;;;;;;;;C101.100;10;827.3;;;C101.100;10;827.3;;;;;;;;;;;;;;;;;;RC205.100;4;1297.6;;;RC205.100;5;1529.2;;;RC205.100;4;1905.9;;;RC205.100;4;1683.9;;;RC205.100;4;1829.4;;;RC205.100;4;1905.1;;;;;;;;;;;;;;;;;;;;;;;;;;;;;;;;;C207.50;;359.6;;;C207.50;;361.207;;;C207.50;;361.244;;;C207.50;;361.207;;;C207.50;;359.6;;;C207.50;;392.652;;;C207.50;;393.393;;;C207.50;;390.262
;;;;;;;;;;;;;;;C102.25;3;190.3;;;C102.25;3;190.3;;;;;;;;;;;;;;;;;;RC206.25;3;324.0;;;RC206.25;1;550.2;;;RC206.25;1;502.4;;;RC206.25;2;344.9;;;RC206.25;2;344.9;;;RC206.25;2;345.3;;;;;;;;;;;;;;;;;;;;;;;;;;;;;;;;;C208.50;;350.5;;;C208.50;;361.797;;;C208.50;;361.797;;;C208.50;;352.292;;;C208.50;;350.5;;;C208.50;;374.45;;;C208.50;;381.806;;;C208.50;;368.44
;;;;;;;;;;;;;;;C102.50;5;361.4;;;C102.50;5;361.4;;;;;;;;;;;;;;;;;;RC206.50;5;610.0;;;RC206.50;2;759.1;;;RC206.50;2;762.5;;;RC206.50;2;772.3;;;RC206.50;2;774.7;;;RC206.50;2;845.7;;;;;;;;;;;;;;;;;;;;;;;;;;;;;;;;;R101.50;;1044;;;R101.50;;1048.56;;;R101.50;;1049.5;;;R101.50;;1048.04;;;R101.50;;1044;;;R101.50;;1214.91;;;R101.50;;1269.58;;;R101.50;;1193.05
;;;;;;;;;;;;;;;C102.100;10;827.3;;;C102.100;10;827.3;;;;;;;;;;;;;;;;;;RC206.100;3;1146.3;;;RC206.100;4;1307.6;;;RC206.100;4;1334.9;;;RC206.100;4;1341.0;;;RC206.100;4;1307.1;;;RC206.100;4;1328.6;;;;;;;;;;;;;;;;;;;;;;;;;;;;;;;;;R102.50;;909;;;R102.50;;941.49;;;R102.50;;947.309;;;R102.50;;941.327;;;R102.50;;909;;;R102.50;;1142.27;;;R102.50;;1125.47;;;R102.50;;1079.12
;;;;;;;;;;;;;;;C103.25;3;190.3;;;C103.25;3;190.3;;;;;;;;;;;;;;;;;;RC207.25;3;298.3;;;RC207.25;2;308.6;;;RC207.25;2;308.6;;;RC207.25;2;308.6;;;RC207.25;2;308.6;;;RC207.25;2;309.1;;;;;;;;;;;;;;;;;;;;;;;;;;;;;;;;;R103.50;;772.9;;;R103.50;;794.422;;;R103.50;;804.762;;;R103.50;;805.272;;;R103.50;;772.9;;;R103.50;;991.097;;;R103.50;;964.165;;;R103.50;;934.688
;;;;;;;;;;;;;;;C103.50;5;361.4;;;C103.50;5;361.4;;;;;;;;;;;;;;;;;;RC207.50;4;558.6;;;RC207.50;2;761.1;;;RC207.50;2;722.7;;;RC207.50;2;698.3;;;RC207.50;2;723.7;;;RC207.50;2;710.2;;;;;;;;;;;;;;;;;;;;;;;;;;;;;;;;;R104.50;;625.4;;;R104.50;;655.319;;;R104.50;;663.759;;;R104.50;;671.834;;;R104.50;;625.4;;;R104.50;;830.706;;;R104.50;;802.705;;;R104.50;;735.956
;;;;;;;;;;;;;;;C103.100;10;826.3;;;C103.100;10;826.3;;;;;;;;;;;;;;;;;;RC207.100;3;1061.1;;;RC207.100;4;1185.0;;;RC207.100;4;1273.9;;;RC207.100;4;1237.7;;;RC207.100;4;1243.1;;;RC207.100;4;1352.7;;;;;;;;;;;;;;;;;;;;;;;;;;;;;;;;;R105.50;;899.3;;;R105.50;;920.455;;;R105.50;;920.455;;;R105.50;;914.311;;;R105.50;;899.3;;;R105.50;;1082.21;;;R105.50;;1101.2;;;R105.50;;1011.85
;;;;;;;;;;;;;;;C104.25;3;186.9;;;C104.25;3;186.9;;;;;;;;;;;;;;;;;;RC208.25;2;269.1;;;RC208.25;1;321.7;;;RC208.25;1;313.4;;;RC208.25;1;320.0;;;RC208.25;1;313.4;;;RC208.25;1;310.5;;;;;;;;;;;;;;;;;;;;;;;;;;;;;;;;;R106.50;;793;;;R106.50;;825.761;;;R106.50;;820.991;;;R106.50;;831.652;;;R106.50;;793;;;R106.50;;976.677;;;R106.50;;954.616;;;R106.50;;909.94
;;;;;;;;;;;;;;;C104.50;5;358.0;;;C104.50;5;358.0;;;;;;;;;;;;;;;;;;RC208.50;3;476.7;;;RC208.50;2;531.1;;;RC208.50;2;527.5;;;RC208.50;2;553.0;;;RC208.50;2;563.4;;;RC208.50;2;591.9;;;;;;;;;;;;;;;;;;;;;;;;;;;;;;;;;R107.50;;711.1;;;R107.50;;724.646;;;R107.50;;742.17;;;R107.50;;759.063;;;R107.50;;711.1;;;R107.50;;922.494;;;R107.50;;908.953;;;R107.50;;860.149
;;;;;;;;;;;;;;;C104.100;10;822.9;;;C104.100;10;822.9;;;;;;;;;;;;;;;;;;RC208.100;3;828.1;;;RC208.100;3;1064.3;;;RC208.100;3;1077.6;;;RC208.100;3;1040.9;;;RC208.100;3;1054.8;;;RC208.100;3;1165.4;;;;;;;;;;;;;;;;;;;;;;;;;;;;;;;;;R108.50;;617.7;;;R108.50;;637.396;;;R108.50;;624.914;;;R108.50;;632.672;;;R108.50;;617.7;;;R108.50;;782.175;;;R108.50;;755.891;;;R108.50;;719.326
;;;;;;;;;;;;;;;C105.25;3;191.3;;;C105.25;3;191.3;;;;;;;;;;;;;;;;;;;;;;;;;;;;;;;;;;;;;;;;;;;;;;;;;;;;;;;;;;;;;;;;;;;;;;;;;;;;;;R109.50;;786.8;;;R109.50;;794.383;;;R109.50;;795.256;;;R109.50;;795.635;;;R109.50;;786.8;;;R109.50;;1000.3;;;R109.50;;980.707;;;R109.50;;918.234
;;;;;;;;;;;;;;;C105.50;5;362.4;;;C105.50;5;362.4;;;;;;;;;;;;;;;;;;;;;;;;;;;;;;;;;;;;;;;;;;;;;;;;;;;;;;;;;;;;;;;;;;;;;;;;;;;;;;R110.50;;697;;;R110.50;;713.273;;;R110.50;;717.37;;;R110.50;;723.474;;;R110.50;;697;;;R110.50;;928.381;;;R110.50;;924.353;;;R110.50;;845.089
;;;;;;;;;;;;;;;C105.100;10;827.3;;;C105.100;10;827.3;;;;;;;;;;;;;;;;;;;;;;;;;;;;;;;;;;;;;;;;;;;;;;;;;;;;;;;;;;;;;;;;;;;;;;;;;;;;;;R111.50;;707.2;;;R111.50;;728.41;;;R111.50;;724.575;;;R111.50;;747.955;;;R111.50;;707.2;;;R111.50;;936.009;;;R111.50;;958.706;;;R111.50;;901.363
;;;;;;;;;;;;;;;C106.25;3;191.3;;;C106.25;3;191.3;;;;;;;;;;;;;;;;;;;;;;;;;;;;;;;;;;;;;;;;;;;;;;;;;;;;;;;;;;;;;;;;;;;;;;;;;;;;;;R112.50;;630.2;;;R112.50;;640.572;;;R112.50;;640.572;;;R112.50;;640.572;;;R112.50;;630.2;;;R112.50;;834.953;;;R112.50;;836.353;;;R112.50;;720.287
;;;;;;;;;;;;;;;C106.50;5;362.4;;;C106.50;5;362.4;;;;;;;;;;;;;;;;;;;;;;;;;;;;;;;;;;;;;;;;;;;;;;;;;;;;;;;;;;;;;;;;;;;;;;;;;;;;;;R201.50;;791.9;;;R201.50;;811.123;;;R201.50;;815.776;;;R201.50;;796.203;;;R201.50;;791.9;;;R201.50;;962.149;;;R201.50;;931.134;;;R201.50;;907.586
;;;;;;;;;;;;;;;C106.100;10;827.3;;;C106.100;10;827.3;;;;;;;;;;;;;;;;;;;;;;;;;;;;;;;;;;;;;;;;;;;;;;;;;;;;;;;;;;;;;;;;;;;;;;;;;;;;;;R202.50;;698.5;;;R202.50;;750.796;;;R202.50;;752.645;;;R202.50;;747.657;;;R202.50;;698.5;;;R202.50;;810.479;;;R202.50;;807.409;;;R202.50;;811.132
;;;;;;;;;;;;;;;C107.25;3;191.3;;;C107.25;3;191.3;;;;;;;;;;;;;;;;;;;;;;;;;;;;;;;;;;;;;;;;;;;;;;;;;;;;;;;;;;;;;;;;;;;;;;;;;;;;;;R203.50;;605.3;;;R203.50;;666.669;;;R203.50;;673.115;;;R203.50;;670.171;;;R203.50;;605.3;;;R203.50;;776.822;;;R203.50;;773.67;;;R203.50;;799.416
;;;;;;;;;;;;;;;C107.50;5;362.4;;;C107.50;5;362.4;;;;;;;;;;;;;;;;;;;;;;;;;;;;;;;;;;;;;;;;;;;;;;;;;;;;;;;;;;;;;;;;;;;;;;;;;;;;;;R204.50;;506.4;;;R204.50;;528.106;;;R204.50;;522.809;;;R204.50;;522.94;;;R204.50;;506.4;;;R204.50;;574.059;;;R204.50;;634.344;;;R204.50;;591.783
;;;;;;;;;;;;;;;C107.100;10;827.3;;;C107.100;10;827.3;;;;;;;;;;;;;;;;;;;;;;;;;;;;;;;;;;;;;;;;;;;;;;;;;;;;;;;;;;;;;;;;;;;;;;;;;;;;;;R205.50;;690.1;;;R205.50;;713.724;;;R205.50;;721.736;;;R205.50;;718.777;;;R205.50;;690.1;;;R205.50;;842.31;;;R205.50;;822.516;;;R205.50;;832.107
;;;;;;;;;;;;;;;C108.25;3;191.3;;;C108.25;3;191.3;;;;;;;;;;;;;;;;;;;;;;;;;;;;;;;;;;;;;;;;;;;;;;;;;;;;;;;;;;;;;;;;;;;;;;;;;;;;;;R206.50;;632.4;;;R206.50;;651.57;;;R206.50;;673.351;;;R206.50;;659.325;;;R206.50;;632.4;;;R206.50;;726.357;;;R206.50;;727.044;;;R206.50;;728.751
;;;;;;;;;;;;;;;C108.50;5;362.4;;;C108.50;5;362.4;;;;;;;;;;;;;;;;;;;;;;;;;;;;;;;;;;;;;;;;;;;;;;;;;;;;;;;;;;;;;;;;;;;;;;;;;;;;;;R207.50;;584.6;;;R207.50;;594.689;;;R207.50;;604.751;;;R207.50;;605.556;;;R207.50;;584.6;;;R207.50;;691.551;;;R207.50;;683.181;;;R207.50;;692.333
;;;;;;;;;;;;;;;C108.100;10;827.3;;;C108.100;10;827.3;;;;;;;;;;;;;;;;;;;;;;;;;;;;;;;;;;;;;;;;;;;;;;;;;;;;;;;;;;;;;;;;;;;;;;;;;;;;;;R208.50;;487.7;;;R208.50;;510.694;;;R208.50;;500.639;;;R208.50;;500.74;;;R208.50;;487.7;;;R208.50;;558.971;;;R208.50;;561.79;;;R208.50;;576.31
;;;;;;;;;;;;;;;C109.25;3;191.3;;;C109.25;3;191.3;;;;;;;;;;;;;;;;;;;;;;;;;;;;;;;;;;;;;;;;;;;;;;;;;;;;;;;;;;;;;;;;;;;;;;;;;;;;;;R209.50;;600.6;;;R209.50;;619.196;;;R209.50;;633.536;;;R209.50;;631.593;;;R209.50;;600.6;;;R209.50;;790.764;;;R209.50;;777.111;;;R209.50;;765.513
;;;;;;;;;;;;;;;C109.50;5;362.4;;;C109.50;5;362.4;;;;;;;;;;;;;;;;;;;;;;;;;;;;;;;;;;;;;;;;;;;;;;;;;;;;;;;;;;;;;;;;;;;;;;;;;;;;;;R210.50;;645.6;;;R210.50;;678.883;;;R210.50;;685.659;;;R210.50;;684.319;;;R210.50;;645.6;;;R210.50;;764.122;;;R210.50;;777.782;;;R210.50;;796.536
;;;;;;;;;;;;;;;C109.100;10;827.3;;;C109.100;10;827.3;;;;;;;;;;;;;;;;;;;;;;;;;;;;;;;;;;;;;;;;;;;;;;;;;;;;;;;;;;;;;;;;;;;;;;;;;;;;;;R211.50;;535.5;;;R211.50;;556.308;;;R211.50;;572.835;;;R211.50;;556.206;;;R211.50;;535.5;;;R211.50;;708.867;;;R211.50;;669.881;;;R211.50;;703.575
;;;;;;;;;;;;;;;C201.25; 2;214.7;;;C201.25; 2;214.7;;;;;;;;;;;;;;;;;;;;;;;;;;;;;;;;;;;;;;;;;;;;;;;;;;;;;;;;;;;;;;;;;;;;;;;;;;;;;;RC101.50;;944;;;RC101.50;;958.934;;;RC101.50;;960.299;;;RC101.50;;951.507;;;RC101.50;;944;;;RC101.50;;1038.19;;;RC101.50;;1023.38;;;RC101.50;;1026.66
;;;;;;;;;;;;;;;C201.50; 3;360.2;;;C201.50; 3;360.2;;;;;;;;;;;;;;;;;;;;;;;;;;;;;;;;;;;;;;;;;;;;;;;;;;;;;;;;;;;;;;;;;;;;;;;;;;;;;;RC102.50;;822.5;;;RC102.50;;827.794;;;RC102.50;;830.868;;;RC102.50;;833.227;;;RC102.50;;822.5;;;RC102.50;;930.531;;;RC102.50;;907.851;;;RC102.50;;900.798
;;;;;;;;;;;;;;;C201.100; 3;589.1;;;C201.100; 3;589.1;;;;;;;;;;;;;;;;;;;;;;;;;;;;;;;;;;;;;;;;;;;;;;;;;;;;;;;;;;;;;;;;;;;;;;;;;;;;;;RC103.50;;710.9;;;RC103.50;;731.27;;;RC103.50;;728.597;;;RC103.50;;729.07;;;RC103.50;;710.9;;;RC103.50;;861.94;;;RC103.50;;861.655;;;RC103.50;;839.805
;;;;;;;;;;;;;;;C202.25; 2;214.7;;;C202.25; 2;214.7;;;;;;;;;;;;;;;;;;;;;;;;;;;;;;;;;;;;;;;;;;;;;;;;;;;;;;;;;;;;;;;;;;;;;;;;;;;;;;RC104.50;;545.8;;;RC104.50;;552.875;;;RC104.50;;554.803;;;RC104.50;;548.259;;;RC104.50;;545.8;;;RC104.50;;618.937;;;RC104.50;;594.274;;;RC104.50;;580.833
;;;;;;;;;;;;;;;C202.50; 3;360.2;;;C202.50; 3;360.2;;;;;;;;;;;;;;;;;;;;;;;;;;;;;;;;;;;;;;;;;;;;;;;;;;;;;;;;;;;;;;;;;;;;;;;;;;;;;;RC105.50;;855.3;;;RC105.50;;877.116;;;RC105.50;;880.633;;;RC105.50;;878.002;;;RC105.50;;855.3;;;RC105.50;;1030.36;;;RC105.50;;1020.56;;;RC105.50;;964.519
;;;;;;;;;;;;;;;C202.100; 3;589.1;;;C202.100; 3;589.1;;;;;;;;;;;;;;;;;;;;;;;;;;;;;;;;;;;;;;;;;;;;;;;;;;;;;;;;;;;;;;;;;;;;;;;;;;;;;;RC106.50;;723.2;;;RC106.50;;724.653;;;RC106.50;;725.855;;;RC106.50;;726.388;;;RC106.50;;723.2;;;RC106.50;;824.389;;;RC106.50;;812.666;;;RC106.50;;753.344
;;;;;;;;;;;;;;;C203.25; 2;214.7;;;C203.25; 2;214.7;;;;;;;;;;;;;;;;;;;;;;;;;;;;;;;;;;;;;;;;;;;;;;;;;;;;;;;;;;;;;;;;;;;;;;;;;;;;;;RC107.50;;642.7;;;RC107.50;;645.582;;;RC107.50;;645.128;;;RC107.50;;646.983;;;RC107.50;;642.7;;;RC107.50;;751.551;;;RC107.50;;739.127;;;RC107.50;;718.429
;;;;;;;;;;;;;;;C203.50; 3;359.8;;;C203.50; 3;359.8;;;;;;;;;;;;;;;;;;;;;;;;;;;;;;;;;;;;;;;;;;;;;;;;;;;;;;;;;;;;;;;;;;;;;;;;;;;;;;RC108.50;;598.1;;;RC108.50;;600.233;;;RC108.50;;600.233;;;RC108.50;;600.233;;;RC108.50;;598.1;;;RC108.50;;730.685;;;RC108.50;;722.074;;;RC108.50;;694.976
;;;;;;;;;;;;;;;C203.100; 3; 588.7;;;C203.100; 3; 588.7;;;;;;;;;;;;;;;;;;;;;;;;;;;;;;;;;;;;;;;;;;;;;;;;;;;;;;;;;;;;;;;;;;;;;;;;;;;;;;RC201.50;;684.8;;;RC201.50;;687.615;;;RC201.50;;688.26;;;RC201.50;;686.702;;;RC201.50;;684.8;;;RC201.50;;812.536;;;RC201.50;;802.05;;;RC201.50;;796.161
;;;;;;;;;;;;;;;C204.25; 2;213.1;;;C204.25; 2;213.1;;;;;;;;;;;;;;;;;;;;;;;;;;;;;;;;;;;;;;;;;;;;;;;;;;;;;;;;;;;;;;;;;;;;;;;;;;;;;;RC202.50;;613.6;;;RC202.50;;648.644;;;RC202.50;;674.22;;;RC202.50;;620.049;;;RC202.50;;613.6;;;RC202.50;;844.383;;;RC202.50;;839.973;;;RC202.50;;788.504
;;;;;;;;;;;;;;;C204.50; 2; 350.1;;;C204.50; 2; 350.1;;;;;;;;;;;;;;;;;;;;;;;;;;;;;;;;;;;;;;;;;;;;;;;;;;;;;;;;;;;;;;;;;;;;;;;;;;;;;;RC203.50;;555.3;;;RC203.50;;630.384;;;RC203.50;;647.966;;;RC203.50;;580.299;;;RC203.50;;555.3;;;RC203.50;;737.521;;;RC203.50;;736.236;;;RC203.50;;696.508
;;;;;;;;;;;;;;;C204.100; 3; 588.1;;;C204.100;  3;   588.1;;;;;;;;;;;;;;;;;;;;;;;;;;;;;;;;;;;;;;;;;;;;;;;;;;;;;;;;;;;;;;;;;;;;;;;;;;;;;;RC204.50;;444.2;;;RC204.50;;461.527;;;RC204.50;;464.109;;;RC204.50;;454.171;;;RC204.50;;444.2;;;RC204.50;;496.388;;;RC204.50;;569.528;;;RC204.50;;514.642
;;;;;;;;;;;;;;;C205.25; 2;214.7;;;C205.25; 2;214.7;;;;;;;;;;;;;;;;;;;;;;;;;;;;;;;;;;;;;;;;;;;;;;;;;;;;;;;;;;;;;;;;;;;;;;;;;;;;;;RC205.50;;630.2;;;RC205.50;;647.251;;;RC205.50;;654.072;;;RC205.50;;637.011;;;RC205.50;;630.2;;;RC205.50;;766.354;;;RC205.50;;759.496;;;RC205.50;;764.765
;;;;;;;;;;;;;;;C205.50; 3;359.8;;;C205.50; 3;359.8;;;;;;;;;;;;;;;;;;;;;;;;;;;;;;;;;;;;;;;;;;;;;;;;;;;;;;;;;;;;;;;;;;;;;;;;;;;;;;RC206.50;;610;;;RC206.50;;625.603;;;RC206.50;;631.755;;;RC206.50;;612.865;;;RC206.50;;610;;;RC206.50;;758.503;;;RC206.50;;716.929;;;RC206.50;;716.867
;;;;;;;;;;;;;;;C205.100; 3;586.4;;;C205.100; 3;586.4;;;;;;;;;;;;;;;;;;;;;;;;;;;;;;;;;;;;;;;;;;;;;;;;;;;;;;;;;;;;;;;;;;;;;;;;;;;;;;RC207.50;;558.6;;;RC207.50;;576.321;;;RC207.50;;570.189;;;RC207.50;;572.668;;;RC207.50;;558.6;;;RC207.50;;766.149;;;RC207.50;;741.42;;;RC207.50;;759.446
;;;;;;;;;;;;;;;C206.25; 2;214.7;;;C206.25; 2;214.7;;;;;;;;;;;;;;;;;;;;;;;;;;;;;;;;;;;;;;;;;;;;;;;;;;;;;;;;;;;;;;;;;;;;;;;;;;;;;;RC208.50;;492.233;;;RC208.50;;492.233;;;RC208.50;;494.75;;;RC208.50;;490.164;;;RC208.50;;492.233;;;RC208.50;;615.694;;;RC208.50;;604.677;;;RC208.50;;625.35
;;;;;;;;;;;;;;;C206.50; 3;359.8;;;C206.50; 3;359.8;;;;;;;;;;;;;;;;;;;;;;;;;;;;;;;;;;;;;;;;;;;;;;;;;;;;;;;;;;;;;;;;;;;;;;;;;;;;;;C101.100;;827.3;;;C101.100;;828.937;;;C101.100;;828.937;;;C101.100;;828.937;;;C101.100;;827.3;;;C101.100;;1857.93;;;C101.100;;1911;;;C101.100;;1583.44
;;;;;;;;;;;;;;;C206.100; 3;586.0;;;C206.100; 3;586.0;;;;;;;;;;;;;;;;;;;;;;;;;;;;;;;;;;;;;;;;;;;;;;;;;;;;;;;;;;;;;;;;;;;;;;;;;;;;;;C102.100;;827.3;;;C102.100;;829.698;;;C102.100;;831.714;;;C102.100;;834.951;;;C102.100;;827.3;;;C102.100;;1832.14;;;C102.100;;1888.24;;;C102.100;;1869.28
;;;;;;;;;;;;;;;C207.25; 2;214.5;;;C207.25; 2;214.5;;;;;;;;;;;;;;;;;;;;;;;;;;;;;;;;;;;;;;;;;;;;;;;;;;;;;;;;;;;;;;;;;;;;;;;;;;;;;;C103.100;;826.3;;;C103.100;;897.831;;;C103.100;;897.072;;;C103.100;;904.586;;;C103.100;;826.3;;;C103.100;;1762.34;;;C103.100;;1740.38;;;C103.100;;1797.34
;;;;;;;;;;;;;;;C207.50; 3;359.6;;;C207.50; 3;359.6;;;;;;;;;;;;;;;;;;;;;;;;;;;;;;;;;;;;;;;;;;;;;;;;;;;;;;;;;;;;;;;;;;;;;;;;;;;;;;C104.100;;822.9;;;C104.100;;855.329;;;C104.100;;914.708;;;C104.100;;916.189;;;C104.100;;822.9;;;C104.100;;1540.48;;;C104.100;;1499.2;;;C104.100;;1419.95
;;;;;;;;;;;;;;;C207.100; 3;585.8;;;C207.100; 3;585.8;;;;;;;;;;;;;;;;;;;;;;;;;;;;;;;;;;;;;;;;;;;;;;;;;;;;;;;;;;;;;;;;;;;;;;;;;;;;;;C105.100;;827.3;;;C105.100;;828.937;;;C105.100;;828.937;;;C105.100;;828.937;;;C105.100;;827.3;;;C105.100;;2075.76;;;C105.100;;2165.44;;;C105.100;;2018.44
;;;;;;;;;;;;;;;C208.25; 2;214.5;;;C208.25; 2;214.5;;;;;;;;;;;;;;;;;;;;;;;;;;;;;;;;;;;;;;;;;;;;;;;;;;;;;;;;;;;;;;;;;;;;;;;;;;;;;;C106.100;;827.3;;;C106.100;;828.937;;;C106.100;;828.937;;;C106.100;;828.937;;;C106.100;;827.3;;;C106.100;;2020.71;;;C106.100;;2063.77;;;C106.100;;2058.65
;;;;;;;;;;;;;;;C208.50; 2;350.5;;;C208.50; 2;350.5;;;;;;;;;;;;;;;;;;;;;;;;;;;;;;;;;;;;;;;;;;;;;;;;;;;;;;;;;;;;;;;;;;;;;;;;;;;;;;C107.100;;827.3;;;C107.100;;828.937;;;C107.100;;828.937;;;C107.100;;828.937;;;C107.100;;827.3;;;C107.100;;2118.66;;;C107.100;;2218.64;;;C107.100;;1944.41
;;;;;;;;;;;;;;;C208.100; 3; 585.8;;;C208.100; 3; 585.8;;;;;;;;;;;;;;;;;;;;;;;;;;;;;;;;;;;;;;;;;;;;;;;;;;;;;;;;;;;;;;;;;;;;;;;;;;;;;;C108.100;;827.3;;;C108.100;;828.937;;;C108.100;;828.937;;;C108.100;;828.937;;;C108.100;;827.3;;;C108.100;;1934.01;;;C108.100;;2054.61;;;C108.100;;2070.13
;;;;;;;;;;;;;;;RC101.25;4;461.1;;;RC101.25;4;461.1;;;;;;;;;;;;;;;;;;;;;;;;;;;;;;;;;;;;;;;;;;;;;;;;;;;;;;;;;;;;;;;;;;;;;;;;;;;;;;C109.100;;827.3;;;C109.100;;828.937;;;C109.100;;828.937;;;C109.100;;828.937;;;C109.100;;827.3;;;C109.100;;1806.19;;;C109.100;;1690.88;;;C109.100;;1894.55
;;;;;;;;;;;;;;;RC101.50;8;944;;;RC101.50;8;944;;;;;;;;;;;;;;;;;;;;;;;;;;;;;;;;;;;;;;;;;;;;;;;;;;;;;;;;;;;;;;;;;;;;;;;;;;;;;;C201.100;;589.1;;;C201.100;;591.557;;;C201.100;;591.557;;;C201.100;;591.557;;;C201.100;;589.1;;;C201.100;;1701.23;;;C201.100;;1674;;;C201.100;;661.808
;;;;;;;;;;;;;;;RC101.100;15;1619.8;;;RC101.100;15;1619.8;;;;;;;;;;;;;;;;;;;;;;;;;;;;;;;;;;;;;;;;;;;;;;;;;;;;;;;;;;;;;;;;;;;;;;;;;;;;;;C202.100;;589.1;;;C202.100;;591.557;;;C202.100;;591.557;;;C202.100;;591.557;;;C202.100;;589.1;;;C202.100;;1834.67;;;C202.100;;1911.29;;;C202.100;;1075.4
;;;;;;;;;;;;;;;RC102.25;3;351.8;;;RC102.25;3;351.8;;;;;;;;;;;;;;;;;;;;;;;;;;;;;;;;;;;;;;;;;;;;;;;;;;;;;;;;;;;;;;;;;;;;;;;;;;;;;;C203.100;;588.7;;;C203.100;;591.557;;;C203.100;;594.733;;;C203.100;;594.733;;;C203.100;;588.7;;;C203.100;;1702.2;;;C203.100;;1719.01;;;C203.100;;1741.8
;;;;;;;;;;;;;;;RC102.50;7;822.5;;;RC102.50;7;822.5;;;;;;;;;;;;;;;;;;;;;;;;;;;;;;;;;;;;;;;;;;;;;;;;;;;;;;;;;;;;;;;;;;;;;;;;;;;;;;C204.100;;588.1;;;C204.100;;733.647;;;C204.100;;698.045;;;C204.100;;657.308;;;C204.100;;588.1;;;C204.100;;1732.08;;;C204.100;;1618.95;;;C204.100;;1198.95
;;;;;;;;;;;;;;;RC102.100;14;1457.4;;;RC102.100;14;1457.4;;;;;;;;;;;;;;;;;;;;;;;;;;;;;;;;;;;;;;;;;;;;;;;;;;;;;;;;;;;;;;;;;;;;;;;;;;;;;;C205.100;;586.4;;;C205.100;;588.876;;;C205.100;;588.876;;;C205.100;;588.876;;;C205.100;;586.4;;;C205.100;;1377.37;;;C205.100;;1475.12;;;C205.100;;759.281
;;;;;;;;;;;;;;;RC103.25;3;332.8;;;RC103.25;3;332.8;;;;;;;;;;;;;;;;;;;;;;;;;;;;;;;;;;;;;;;;;;;;;;;;;;;;;;;;;;;;;;;;;;;;;;;;;;;;;;C206.100;;586;;;C206.100;;588.493;;;C206.100;;588.493;;;C206.100;;588.493;;;C206.100;;586;;;C206.100;;1520.16;;;C206.100;;1505.59;;;C206.100;;759.783
;;;;;;;;;;;;;;;RC103.50;6;710.9;;;RC103.50;6;710.9;;;;;;;;;;;;;;;;;;;;;;;;;;;;;;;;;;;;;;;;;;;;;;;;;;;;;;;;;;;;;;;;;;;;;;;;;;;;;;C207.100;;585.8;;;C207.100;;588.286;;;C207.100;;588.286;;;C207.100;;588.286;;;C207.100;;585.8;;;C207.100;;1524.6;;;C207.100;;1495.08;;;C207.100;;727.573
;;;;;;;;;;;;;;;RC103.100;11;1258.0;;;RC103.100;11;1258.0;;;;;;;;;;;;;;;;;;;;;;;;;;;;;;;;;;;;;;;;;;;;;;;;;;;;;;;;;;;;;;;;;;;;;;;;;;;;;;C208.100;;585.8;;;C208.100;;588.493;;;C208.100;;588.493;;;C208.100;;588.493;;;C208.100;;585.8;;;C208.100;;1408.82;;;C208.100;;1397.11;;;C208.100;;705.336
;;;;;;;;;;;;;;;RC104.25;3;306.6;;;RC104.25;3;306.6;;;;;;;;;;;;;;;;;;;;;;;;;;;;;;;;;;;;;;;;;;;;;;;;;;;;;;;;;;;;;;;;;;;;;;;;;;;;;;R101.100;;1637.7;;;R101.100;;1683.18;;;R101.100;;1680.59;;;R101.100;;1679.14;;;R101.100;;1637.7;;;R101.100;;2422;;;R101.100;;2491.25;;;R101.100;;2247.09
;;;;;;;;;;;;;;;RC104.50;5;545.8;;;RC104.50;5;545.8;;;;;;;;;;;;;;;;;;;;;;;;;;;;;;;;;;;;;;;;;;;;;;;;;;;;;;;;;;;;;;;;;;;;;;;;;;;;;;R102.100;;1466.6;;;R102.100;;1585.17;;;R102.100;;1568.57;;;R102.100;;1540.78;;;R102.100;;1466.6;;;R102.100;;2385.21;;;R102.100;;2407.31;;;R102.100;;2240.28
;;;;;;;;;;;;;;;RC104.100;10;1132.3;;;RC104.100;;;;;;;;;;;;;;;;;;;;;;;;;;;;;;;;;;;;;;;;;;;;;;;;;;;;;;;;;;;;;;;;;;;;;;;;;;;;;;;;R103.100;;1208.7;;;R103.100;;1355.46;;;R103.100;;1397.05;;;R103.100;;1356.5;;;R103.100;;1208.7;;;R103.100;;2264.47;;;R103.100;;2254.17;;;R103.100;;2157.04
;;;;;;;;;;;;;;;RC105.25;4;411.3;;;RC105.25;4;411.3;;;;;;;;;;;;;;;;;;;;;;;;;;;;;;;;;;;;;;;;;;;;;;;;;;;;;;;;;;;;;;;;;;;;;;;;;;;;;;R104.100;;971.5;;;R104.100;;1161.74;;;R104.100;;1168.07;;;R104.100;;1177.86;;;R104.100;;971.5;;;R104.100;;2041.99;;;R104.100;;1996.72;;;R104.100;;1711.91
;;;;;;;;;;;;;;;RC105.50;8;855.3;;;RC105.50;8;855.3;;;;;;;;;;;;;;;;;;;;;;;;;;;;;;;;;;;;;;;;;;;;;;;;;;;;;;;;;;;;;;;;;;;;;;;;;;;;;;R105.100;;1355.3;;;R105.100;;1476.6;;;R105.100;;1432.21;;;R105.100;;1431.46;;;R105.100;;1355.3;;;R105.100;;2297.29;;;R105.100;;2318.35;;;R105.100;;2161.32
;;;;;;;;;;;;;;;RC105.100;15;1513.7;;;RC105.100;15;1513.7;;;;;;;;;;;;;;;;;;;;;;;;;;;;;;;;;;;;;;;;;;;;;;;;;;;;;;;;;;;;;;;;;;;;;;;;;;;;;;R106.100;;1234.6;;;R106.100;;1366.5;;;R106.100;;1375.54;;;R106.100;;1363.37;;;R106.100;;1234.6;;;R106.100;;2191.32;;;R106.100;;2205;;;R106.100;;2098.18
;;;;;;;;;;;;;;;RC106.25;3;345.5;;;RC106.25;3;345.5;;;;;;;;;;;;;;;;;;;;;;;;;;;;;;;;;;;;;;;;;;;;;;;;;;;;;;;;;;;;;;;;;;;;;;;;;;;;;;R107.100;;1064.6;;;R107.100;;1241.99;;;R107.100;;1216.98;;;R107.100;;1222.96;;;R107.100;;1064.6;;;R107.100;;2164.57;;;R107.100;;2118.63;;;R107.100;;1904.06
;;;;;;;;;;;;;;;RC106.50;6;723.2;;;RC106.50;6;723.2;;;;;;;;;;;;;;;;;;;;;;;;;;;;;;;;;;;;;;;;;;;;;;;;;;;;;;;;;;;;;;;;;;;;;;;;;;;;;;R108.100;;960.88;;;R108.100;;1106.25;;;R108.100;;1137.28;;;R108.100;;1074.98;;;R108.100;;960.88;;;R108.100;;1977.92;;;R108.100;;1903.19;;;R108.100;;1556.67
;;;;;;;;;;;;;;;RC106.100;13;1372.7;;;RC106.100;;;;;;;;;;;;;;;;;;;;;;;;;;;;;;;;;;;;;;;;;;;;;;;;;;;;;;;;;;;;;;;;;;;;;;;;;;;;;;;;R109.100;;1146.9;;;R109.100;;1331.96;;;R109.100;;1289.1;;;R109.100;;1265.46;;;R109.100;;1146.9;;;R109.100;;2106.75;;;R109.100;;2074.16;;;R109.100;;1934
;;;;;;;;;;;;;;;RC107.25;3;298.3;;;RC107.25;3;298.3;;;;;;;;;;;;;;;;;;;;;;;;;;;;;;;;;;;;;;;;;;;;;;;;;;;;;;;;;;;;;;;;;;;;;;;;;;;;;;R110.100;;1068;;;R110.100;;1235.32;;;R110.100;;1267.23;;;R110.100;;1201.69;;;R110.100;;1068;;;R110.100;;2061.43;;;R110.100;;2050.87;;;R110.100;;1877.19
;;;;;;;;;;;;;;;RC107.50;6;642.7;;;RC107.50;6;642.7;;;;;;;;;;;;;;;;;;;;;;;;;;;;;;;;;;;;;;;;;;;;;;;;;;;;;;;;;;;;;;;;;;;;;;;;;;;;;;R111.100;;1048.7;;;R111.100;;1234.68;;;R111.100;;1236.32;;;R111.100;;1229.1;;;R111.100;;1048.7;;;R111.100;;2136.07;;;R111.100;;2062;;;R111.100;;1865.67
;;;;;;;;;;;;;;;RC107.100;12; 1207.8;;;RC107.100;12;  1207.8;;;;;;;;;;;;;;;;;;;;;;;;;;;;;;;;;;;;;;;;;;;;;;;;;;;;;;;;;;;;;;;;;;;;;;;;;;;;;;R112.100;;982.14;;;R112.100;;1095.74;;;R112.100;;1149.94;;;R112.100;;1068.68;;;R112.100;;982.14;;;R112.100;;1879.55;;;R112.100;;1840.81;;;R112.100;;1632.31
;;;;;;;;;;;;;;;RC108.25;3;294.5;;;RC108.25;3;294.5;;;;;;;;;;;;;;;;;;;;;;;;;;;;;;;;;;;;;;;;;;;;;;;;;;;;;;;;;;;;;;;;;;;;;;;;;;;;;;R201.100;;1143.2;;;R201.100;;1326.44;;;R201.100;;1338.99;;;R201.100;;1297.9;;;R201.100;;1143.2;;;R201.100;;2244.08;;;R201.100;;2178.55;;;R201.100;;1868.68
;;;;;;;;;;;;;;;RC108.50;6;598.1;;;RC108.50;6;598.1;;;;;;;;;;;;;;;;;;;;;;;;;;;;;;;;;;;;;;;;;;;;;;;;;;;;;;;;;;;;;;;;;;;;;;;;;;;;;;R202.100;;1191.7;;;R202.100;;1250.02;;;R202.100;;1305.97;;;R202.100;;1238.96;;;R202.100;;1191.7;;;R202.100;;2124.44;;;R202.100;;2027.75;;;R202.100;;1556.86
;;;;;;;;;;;;;;;RC108.100;11; 1114.2;;;RC108.100;11;  1114.2;;;;;;;;;;;;;;;;;;;;;;;;;;;;;;;;;;;;;;;;;;;;;;;;;;;;;;;;;;;;;;;;;;;;;;;;;;;;;;R203.100;;939.54;;;R203.100;;1122.48;;;R203.100;;1135.25;;;R203.100;;1092.95;;;R203.100;;939.54;;;R203.100;;2050.22;;;R203.100;;1927.5;;;R203.100;;1372.88
;;;;;;;;;;;;;;;RC201.25;3;360.2;;;RC201.25;3;360.2;;;;;;;;;;;;;;;;;;;;;;;;;;;;;;;;;;;;;;;;;;;;;;;;;;;;;;;;;;;;;;;;;;;;;;;;;;;;;;R204.100;;825.52;;;R204.100;;882.882;;;R204.100;;889.473;;;R204.100;;869.68;;;R204.100;;825.52;;;R204.100;;1781.81;;;R204.100;;1618.01;;;R204.100;;1004.32
;;;;;;;;;;;;;;;RC201.50;5; 684.8;;;RC201.50;5; 684.8;;;;;;;;;;;;;;;;;;;;;;;;;;;;;;;;;;;;;;;;;;;;;;;;;;;;;;;;;;;;;;;;;;;;;;;;;;;;;;R205.100;;994.42;;;R205.100;;1124.92;;;R205.100;;1147.51;;;R205.100;;1076.61;;;R205.100;;994.42;;;R205.100;;2106.04;;;R205.100;;1990.49;;;R205.100;;1577.38
;;;;;;;;;;;;;;;RC201.100;9; 1261.8;;;RC201.100;9; 1261.8;;;;;;;;;;;;;;;;;;;;;;;;;;;;;;;;;;;;;;;;;;;;;;;;;;;;;;;;;;;;;;;;;;;;;;;;;;;;;;R206.100;;906.14;;;R206.100;;1048.93;;;R206.100;;1070.31;;;R206.100;;1024.79;;;R206.100;;906.14;;;R206.100;;1986.22;;;R206.100;;1851.9;;;R206.100;;1368
;;;;;;;;;;;;;;;RC202.25;3;338.0;;;RC202.25;3;338.0;;;;;;;;;;;;;;;;;;;;;;;;;;;;;;;;;;;;;;;;;;;;;;;;;;;;;;;;;;;;;;;;;;;;;;;;;;;;;;R207.100;;893.33;;;R207.100;;950.199;;;R207.100;;968.153;;;R207.100;;928.132;;;R207.100;;893.33;;;R207.100;;1937.11;;;R207.100;;1812.26;;;R207.100;;1352.41
;;;;;;;;;;;;;;;RC202.50;5; 613.6;;;RC202.50;5;     613.6;;;;;;;;;;;;;;;;;;;;;;;;;;;;;;;;;;;;;;;;;;;;;;;;;;;;;;;;;;;;;;;;;;;;;;;;;;;;;;R208.100;;726.75;;;R208.100;;835.128;;;R208.100;;818.501;;;R208.100;;791.633;;;R208.100;;726.75;;;R208.100;;1716.37;;;R208.100;;1556.95;;;R208.100;;999.811
;;;;;;;;;;;;;;;RC202.100;8; 1092.3;;;RC202.100;8;   1092.3;;;;;;;;;;;;;;;;;;;;;;;;;;;;;;;;;;;;;;;;;;;;;;;;;;;;;;;;;;;;;;;;;;;;;;;;;;;;;;R209.100;;909.16;;;R209.100;;1007.14;;;R209.100;;1023.54;;;R209.100;;981.588;;;R209.100;;909.16;;;R209.100;;2048.99;;;R209.100;;2001.53;;;R209.100;;1626.07
;;;;;;;;;;;;;;;RC203.25;3; 326.9;;;RC203.25;3; 326.9;;;;;;;;;;;;;;;;;;;;;;;;;;;;;;;;;;;;;;;;;;;;;;;;;;;;;;;;;;;;;;;;;;;;;;;;;;;;;;R210.100;;939.34;;;R210.100;;1103.35;;;R210.100;;1123.54;;;R210.100;;1003.21;;;R210.100;;939.34;;;R210.100;;2087.46;;;R210.100;;2022.85;;;R210.100;;1385.33
;;;;;;;;;;;;;;;RC203.50;4; 555.3;;;RC203.50;4;     555.3;;;;;;;;;;;;;;;;;;;;;;;;;;;;;;;;;;;;;;;;;;;;;;;;;;;;;;;;;;;;;;;;;;;;;;;;;;;;;;R211.100;;873.58;;;R211.100;;876.194;;;R211.100;;873.58;;;R211.100;;825.34;;;R211.100;;873.58;;;R211.100;;1948.47;;;R211.100;;1831.56;;;R211.100;;1452.54
;;;;;;;;;;;;;;;RC203.100;5;923.7;;;RC203.100;;;;;;;;;;;;;;;;;;;;;;;;;;;;;;;;;;;;;;;;;;;;;;;;;;;;;;;;;;;;;;;;;;;;;;;;;;;;;;;;RC101.100;;1619.8;;;RC101.100;;1727.52;;;RC101.100;;1718.22;;;RC101.100;;1703.08;;;RC101.100;;1619.8;;;RC101.100;;2492.14;;;RC101.100;;2560.48;;;RC101.100;;2426.62
;;;;;;;;;;;;;;;RC204.25;3; 299.7;;;RC204.25;3;     299.7;;;;;;;;;;;;;;;;;;;;;;;;;;;;;;;;;;;;;;;;;;;;;;;;;;;;;;;;;;;;;;;;;;;;;;;;;;;;;;RC102.100;;1457.4;;;RC102.100;;1609.88;;;RC102.100;;1594.46;;;RC102.100;;1546.17;;;RC102.100;;1457.4;;;RC102.100;;2497.13;;;RC102.100;;2520.9;;;RC102.100;;2427
;;;;;;;;;;;;;;;RC204.50;3; 444.2;;;RC204.50;3;     444.2;;;;;;;;;;;;;;;;;;;;;;;;;;;;;;;;;;;;;;;;;;;;;;;;;;;;;;;;;;;;;;;;;;;;;;;;;;;;;;RC103.100;;1258;;;RC103.100;;1407.29;;;RC103.100;;1448.48;;;RC103.100;;1446.38;;;RC103.100;;1258;;;RC103.100;;2399.8;;;RC103.100;;2384.24;;;RC103.100;;2300.83
;;;;;;;;;;;;;;;RC204.100;;;;;RC204.100;;;;;;;;;;;;;;;;;;;;;;;;;;;;;;;;;;;;;;;;;;;;;;;;;;;;;;;;;;;;;;;;;;;;;;;;;;;;;;;;RC104.100;;1135.48;;;RC104.100;;1301.96;;;RC104.100;;1298.59;;;RC104.100;;1293.76;;;RC104.100;;1135.48;;;RC104.100;;2148.74;;;RC104.100;;2050.24;;;RC104.100;;1879.05
;;;;;;;;;;;;;;;RC205.25;3; 338.0;;;RC205.25;3; 338.0;;;;;;;;;;;;;;;;;;;;;;;;;;;;;;;;;;;;;;;;;;;;;;;;;;;;;;;;;;;;;;;;;;;;;;;;;;;;;;RC105.100;;1513.7;;;RC105.100;;1690.69;;;RC105.100;;1715.12;;;RC105.100;;1672.72;;;RC105.100;;1513.7;;;RC105.100;;2545.86;;;RC105.100;;2560.04;;;RC105.100;;2435.47
;;;;;;;;;;;;;;;RC205.50;5; 630.2;;;RC205.50;5; 630.2;;;;;;;;;;;;;;;;;;;;;;;;;;;;;;;;;;;;;;;;;;;;;;;;;;;;;;;;;;;;;;;;;;;;;;;;;;;;;;RC106.100;;1424.73;;;RC106.100;;1512.29;;;RC106.100;;1530.48;;;RC106.100;;1433.18;;;RC106.100;;1424.73;;;RC106.100;;2327.7;;;RC106.100;;2310.15;;;RC106.100;;2261.01
;;;;;;;;;;;;;;;RC205.100;7; 1154.0;;;RC205.100;7;   1154.0;;;;;;;;;;;;;;;;;;;;;;;;;;;;;;;;;;;;;;;;;;;;;;;;;;;;;;;;;;;;;;;;;;;;;;;;;;;;;;RC107.100;;1207.8;;;RC107.100;;1364.76;;;RC107.100;;1383.21;;;RC107.100;;1357.43;;;RC107.100;;1207.8;;;RC107.100;;2271.98;;;RC107.100;;2223.51;;;RC107.100;;2170.51
;;;;;;;;;;;;;;;RC206.25;3; 324.0;;;RC206.25;3; 324.0;;;;;;;;;;;;;;;;;;;;;;;;;;;;;;;;;;;;;;;;;;;;;;;;;;;;;;;;;;;;;;;;;;;;;;;;;;;;;;RC108.100;;1114.2;;;RC108.100;;1308.52;;;RC108.100;;1318.83;;;RC108.100;;1266.46;;;RC108.100;;1114.2;;;RC108.100;;2127.48;;;RC108.100;;2081.95;;;RC108.100;;1892.41
;;;;;;;;;;;;;;;RC206.50;5; 610.0;;;RC206.50;5;     610.0;;;;;;;;;;;;;;;;;;;;;;;;;;;;;;;;;;;;;;;;;;;;;;;;;;;;;;;;;;;;;;;;;;;;;;;;;;;;;;RC201.100;;1261.8;;;RC201.100;;1393.68;;;RC201.100;;1414.42;;;RC201.100;;1349.4;;;RC201.100;;1261.8;;;RC201.100;;2679.46;;;RC201.100;;2645.55;;;RC201.100;;1862.94
;;;;;;;;;;;;;;;RC206.100;7;1051.1;;;RC206.100;;;;;;;;;;;;;;;;;;;;;;;;;;;;;;;;;;;;;;;;;;;;;;;;;;;;;;;;;;;;;;;;;;;;;;;;;;;;;;;;RC202.100;;1092.3;;;RC202.100;;1310.17;;;RC202.100;;1340.83;;;RC202.100;;1273.69;;;RC202.100;;1092.3;;;RC202.100;;2557.43;;;RC202.100;;2482.35;;;RC202.100;;2006.78
;;;;;;;;;;;;;;;RC207.25;3; 298.3;;;RC207.25;3; 298.3;;;;;;;;;;;;;;;;;;;;;;;;;;;;;;;;;;;;;;;;;;;;;;;;;;;;;;;;;;;;;;;;;;;;;;;;;;;;;;RC203.100;;1049.62;;;RC203.100;;1156.69;;;RC203.100;;1152.38;;;RC203.100;;1095.2;;;RC203.100;;1049.62;;;RC203.100;;2219.45;;;RC203.100;;2141.68;;;RC203.100;;1664.29
;;;;;;;;;;;;;;;RC207.50;4; 558.6;;;RC207.50;4;     558.6;;;;;;;;;;;;;;;;;;;;;;;;;;;;;;;;;;;;;;;;;;;;;;;;;;;;;;;;;;;;;;;;;;;;;;;;;;;;;;RC204.100;;798.41;;;RC204.100;;926.476;;;RC204.100;;939.825;;;RC204.100;;872.412;;;RC204.100;;798.41;;;RC204.100;;1942.21;;;RC204.100;;1808.18;;;RC204.100;;1501.48
;;;;;;;;;;;;;;;RC207.100;6; 962.9;;;RC207.100;;;;;;;;;;;;;;;;;;;;;;;;;;;;;;;;;;;;;;;;;;;;;;;;;;;;;;;;;;;;;;;;;;;;;;;;;;;;;;;;RC205.100;;1154;;;RC205.100;;1346.6;;;RC205.100;;1376.54;;;RC205.100;;1305.22;;;RC205.100;;1154;;;RC205.100;;2707.37;;;RC205.100;;2601.21;;;RC205.100;;2239.37
;;;;;;;;;;;;;;;RC208.25;2; 269.1;;;RC208.25;2;     269.1;;;;;;;;;;;;;;;;;;;;;;;;;;;;;;;;;;;;;;;;;;;;;;;;;;;;;;;;;;;;;;;;;;;;;;;;;;;;;;RC206.100;;1146.32;;;RC206.100;;1164.91;;;RC206.100;;1206.62;;;RC206.100;;1124.58;;;RC206.100;;1146.32;;;RC206.100;;2492.69;;;RC206.100;;2445.36;;;RC206.100;;1911.61
;;;;;;;;;;;;;;;RC208.50;3;476.7;;;RC208.50;;;;;;;;;;;;;;;;;;;;;;;;;;;;;;;;;;;;;;;;;;;;;;;;;;;;;;;;;;;;;;;;;;;;;;;;;;;;;;;;RC207.100;;1061.14;;;RC207.100;;1093.41;;;RC207.100;;1135.06;;;RC207.100;;1096.09;;;RC207.100;;1061.14;;;RC207.100;;2394.8;;;RC207.100;;2343.52;;;RC207.100;;2055.97
;;;;;;;;;;;;;;;RC208.100;;;;;RC208.100;;;;;;;;;;;;;;;;;;;;;;;;;;;;;;;;;;;;;;;;;;;;;;;;;;;;;;;;;;;;;;;;;;;;;;;;;;;;;;;;RC208.100;;828.14;;;RC208.100;;859.983;;;RC208.100;;897.575;;;RC208.100;;839.407;;;RC208.100;;828.14;;;RC208.100;;2239.33;;;RC208.100;;2122.07;;;RC208.100;;1483.66
